Predictor,Scenario,AUROC_full,AUROC_clean,AUROC_global,MaxMCC_full,MaxMCC_clean,MaxMCC_global,Delta_AUROC,CI_lo,CI_hi,N_pos_full,N_pos_clean,N_pos_global
PICNIC,Membrane vs proteome background,0.44,0.396,0.409,0.009,0.008,0.005,-0.043,0.327,0.475,60,48,4
PICNIC,Membrane vs membrane background,0.699,0.67,0.699,0.086,0.061,0.027,-0.029,0.597,0.737,60,48,4
PICNIC,Membrane vs single-pass background,0.569,0.527,0.554,0.074,0.037,0.021,-0.042,0.437,0.613,60,48,4
PICNIC,Membrane vs multi-pass background,0.806,0.787,0.818,0.226,0.156,0.067,-0.019,0.714,0.856,60,48,4
PICNIC (GO),Membrane vs proteome background,0.498,0.466,0.504,0.028,0.025,0.007,-0.032,0.381,0.557,60,48,4
PICNIC (GO),Membrane vs membrane background,0.713,0.698,0.765,0.167,0.144,0.048,-0.015,0.614,0.775,60,48,4
PICNIC (GO),Membrane vs single-pass background,0.603,0.58,0.637,0.159,0.143,0.046,-0.024,0.486,0.679,60,48,4
PICNIC (GO),Membrane vs multi-pass background,0.803,0.795,0.869,0.382,0.3,0.165,-0.008,0.717,0.863,60,48,4
PSPire,Membrane vs proteome background,0.63,0.681,0.592,0.041,0.038,0.014,0.051,0.586,0.782,60,32,4
PSPire,Membrane vs membrane background,0.766,0.814,0.736,0.3,0.353,0.096,0.048,0.722,0.894,60,32,4
PSPire,Membrane vs single-pass background,0.725,0.776,0.689,0.33,0.358,0.115,0.051,0.675,0.867,60,32,4
PSPire,Membrane vs multi-pass background,0.8,0.846,0.774,0.397,0.388,0.165,0.046,0.767,0.922,60,32,4
PSPHunter,Membrane vs proteome background,0.672,0.781,0.767,0.04,0.046,0.027,0.109,0.719,0.84,60,34,4
PSPHunter,Membrane vs membrane background,0.802,0.899,0.88,0.195,0.212,0.109,0.097,0.855,0.935,60,34,4
PSPHunter,Membrane vs single-pass background,0.721,0.834,0.823,0.201,0.222,0.117,0.113,0.768,0.894,60,34,4
PSPHunter,Membrane vs multi-pass background,0.868,0.951,0.927,0.382,0.403,0.249,0.084,0.924,0.974,60,34,4
SaPS,Membrane vs proteome background,0.628,0.636,0.762,0.045,0.058,0.018,0.008,0.538,0.724,60,36,4
SaPS,Membrane vs membrane background,0.712,0.719,0.89,0.143,0.166,0.061,0.007,0.61,0.826,60,36,4
SaPS,Membrane vs single-pass background,0.716,0.722,0.863,0.163,0.165,0.072,0.007,0.634,0.812,60,36,4
SaPS,Membrane vs multi-pass background,0.708,0.716,0.912,0.219,0.19,0.109,0.008,0.604,0.818,60,36,4
PdPS,Membrane vs proteome background,0.58,0.63,0.631,0.023,0.022,0.015,0.05,0.545,0.714,60,35,4
PdPS,Membrane vs membrane background,0.759,0.812,0.867,0.136,0.139,0.055,0.052,0.73,0.881,60,35,4
PdPS,Membrane vs single-pass background,0.689,0.742,0.789,0.136,0.143,0.061,0.053,0.655,0.822,60,35,4
PdPS,Membrane vs multi-pass background,0.817,0.869,0.931,0.271,0.289,0.105,0.052,0.791,0.93,60,35,4
PDL,Membrane vs proteome background,0.506,0.46,0.585,0.012,0.006,0.019,-0.046,0.367,0.552,59,43,4
PDL,Membrane vs membrane background,0.633,0.58,0.693,0.089,0.066,0.089,-0.053,0.475,0.674,59,43,4
PDL,Membrane vs single-pass background,0.576,0.523,0.643,0.086,0.06,0.107,-0.054,0.418,0.621,59,43,4
PDL,Membrane vs multi-pass background,0.679,0.627,0.734,0.193,0.149,0.153,-0.052,0.531,0.728,59,43,4
LLPhyScore,Membrane vs proteome background,0.376,,0.067,0.019,,0.002,,,,60,0,4
LLPhyScore,Membrane vs membrane background,0.488,,0.098,0.073,,0.003,,,,60,0,4
LLPhyScore,Membrane vs single-pass background,0.398,,0.057,0.07,,0.004,,,,60,0,4
LLPhyScore,Membrane vs multi-pass background,0.563,,0.132,0.193,,0.005,,,,60,0,4
PScore,Membrane vs proteome background,0.604,0.604,0.591,0.031,0.031,0.013,0.0,0.526,0.683,58,58,4
PScore,Membrane vs membrane background,0.668,0.668,0.674,0.09,0.09,0.038,0.0,0.593,0.74,58,58,4
PScore,Membrane vs single-pass background,0.581,0.581,0.556,0.101,0.101,0.046,0.0,0.496,0.666,58,58,4
PScore,Membrane vs multi-pass background,0.737,0.737,0.765,0.16,0.16,0.065,0.0,0.658,0.805,58,58,4
R+Y,Membrane vs proteome background,0.487,0.487,0.551,0.014,0.014,0.012,0.0,0.419,0.554,60,60,4
R+Y,Membrane vs membrane background,0.517,0.517,0.592,0.025,0.025,0.025,0.0,0.449,0.586,60,60,4
R+Y,Membrane vs single-pass background,0.494,0.494,0.562,0.037,0.037,0.035,0.0,0.423,0.566,60,60,4
R+Y,Membrane vs multi-pass background,0.537,0.537,0.617,0.046,0.046,0.035,0.0,0.465,0.606,60,60,4
ParSe2,Membrane vs proteome background,0.638,0.638,0.773,0.035,0.035,0.021,0.0,0.569,0.707,60,60,4
ParSe2,Membrane vs membrane background,0.68,0.68,0.813,0.083,0.083,0.048,0.0,0.615,0.746,60,60,4
ParSe2,Membrane vs single-pass background,0.596,0.596,0.729,0.084,0.084,0.053,0.0,0.518,0.672,60,60,4
ParSe2,Membrane vs multi-pass background,0.748,0.748,0.881,0.165,0.165,0.099,0.0,0.684,0.807,60,60,4
FuzDrop,Membrane vs proteome background,0.537,0.537,0.307,0.017,0.017,0.005,0.0,0.473,0.602,60,60,4
FuzDrop,Membrane vs membrane background,0.663,0.663,0.433,0.061,0.061,0.013,0.0,0.6,0.728,60,60,4
FuzDrop,Membrane vs single-pass background,0.549,0.549,0.283,0.037,0.037,0.011,0.0,0.476,0.622,60,60,4
FuzDrop,Membrane vs multi-pass background,0.756,0.756,0.555,0.138,0.138,0.024,0.0,0.7,0.814,60,60,4
PSAP,Membrane vs proteome background,0.494,0.494,0.321,0.002,0.002,0.0,0.0,0.434,0.556,53,53,4
PSAP,Membrane vs membrane background,0.592,0.592,0.406,0.051,0.051,0.0,0.0,0.53,0.659,53,53,4
PSAP,Membrane vs single-pass background,0.53,0.53,0.347,0.024,0.024,0.0,0.0,0.468,0.593,53,53,4
PSAP,Membrane vs multi-pass background,0.64,0.64,0.451,0.128,0.128,0.0,0.0,0.575,0.708,53,53,4
DeepPhase,Membrane vs proteome background,0.525,0.525,0.424,0.016,0.016,0.006,0.0,0.466,0.584,56,56,4
DeepPhase,Membrane vs membrane background,0.583,0.583,0.482,0.047,0.047,0.011,0.0,0.508,0.657,56,56,4
DeepPhase,Membrane vs single-pass background,0.594,0.594,0.492,0.073,0.073,0.017,0.0,0.529,0.656,56,56,4
DeepPhase,Membrane vs multi-pass background,0.575,0.575,0.473,0.138,0.138,0.03,0.0,0.486,0.664,56,56,4
catGRANULE,Membrane vs proteome background,0.558,0.558,0.677,0.015,0.015,0.015,0.0,0.482,0.636,60,60,4
catGRANULE,Membrane vs membrane background,0.672,0.672,0.798,0.07,0.07,0.045,0.0,0.6,0.74,60,60,4
catGRANULE,Membrane vs single-pass background,0.575,0.575,0.703,0.067,0.067,0.048,0.0,0.492,0.645,60,60,4
catGRANULE,Membrane vs multi-pass background,0.751,0.751,0.877,0.154,0.154,0.09,0.0,0.682,0.816,60,60,4
PLAAC,Membrane vs proteome background,0.595,0.595,0.629,0.03,0.03,0.013,0.0,0.526,0.664,60,60,4
PLAAC,Membrane vs membrane background,0.618,0.618,0.661,0.124,0.124,0.025,0.0,0.545,0.695,60,60,4
PLAAC,Membrane vs single-pass background,0.563,0.563,0.583,0.165,0.165,0.032,0.0,0.483,0.637,60,60,4
PLAAC,Membrane vs multi-pass background,0.663,0.663,0.725,0.149,0.149,0.04,0.0,0.58,0.738,60,60,4
ESpritz,Membrane vs proteome background,0.489,0.489,0.488,0.007,0.007,0.009,0.0,0.431,0.549,60,60,4
ESpritz,Membrane vs membrane background,0.577,0.577,0.596,0.041,0.041,0.025,0.0,0.508,0.642,60,60,4
ESpritz,Membrane vs single-pass background,0.539,0.539,0.548,0.04,0.04,0.031,0.0,0.477,0.605,60,60,4
ESpritz,Membrane vs multi-pass background,0.608,0.608,0.635,0.115,0.115,0.039,0.0,0.541,0.672,60,60,4
SEG,Membrane vs proteome background,0.511,0.511,0.303,0.013,0.013,0.002,0.0,0.452,0.585,60,60,4
SEG,Membrane vs membrane background,0.481,0.481,0.244,0.027,0.027,0.0,0.0,0.407,0.56,60,60,4
SEG,Membrane vs single-pass background,0.475,0.475,0.239,0.031,0.031,0.0,0.0,0.394,0.553,60,60,4
SEG,Membrane vs multi-pass background,0.485,0.485,0.248,0.042,0.042,0.0,0.0,0.407,0.565,60,60,4
