uniprot_id,protein_name,gene,organism,source
Q75E28,ABL158Cp,AGOS_ABL158C,Ashbya gossypii,phasepro
D0PV95,ATP-dependent RNA helicase laf-1,LAF-1,Caenorhabditis elegans,phasepro
Q7ZXV8,BUB3-interacting and GLEBS motif-containing protein ZNF207,ZNF207,Xenopus laevis,phasepro
P35637,RNA-binding protein FUS,FUS,Homo sapiens,phasepro
Q06787,Synaptic functional regulator FMR1,FMR1,Homo sapiens,phasepro
Q92804,TATA-binding protein-associated factor 2N,TAF15,Homo sapiens,phasepro
Q13148,TAR DNA-binding protein 43,TARDBP,Homo sapiens,phasepro
Q8SWR8,Ataxin-2 homolog,ATX2,Drosophila melanogaster,phasepro
Q01844,RNA-binding protein EWS,EWSR1,Homo sapiens,phasepro
P09651,Heterogeneous nuclear ribonucleoprotein A1,HNRNPA1,Homo sapiens,phasepro
P22626-2,Isoform A2 of Heterogeneous nuclear ribonucleoproteins A2/B1,HNRNPA2B1,Homo sapiens,phasepro
P31483,Nucleolysin TIA-1 isoform p40,TIA1,Homo sapiens,phasepro
O60500,Nephrin,NPHS1,Homo sapiens,phasepro
O00401,Neural Wiskott-Aldrich syndrome protein,WASL,Homo sapiens,phasepro
P16333,Cytoplasmic protein NCK1,NCK1,Homo sapiens,phasepro
Q9NQI0,Probable ATP-dependent RNA helicase DDX4,DDX4,Homo sapiens,phasepro
O00571,ATP-dependent RNA helicase DDX3X,DDX3X,Homo sapiens,phasepro
P52948,Nuclear pore complex protein Nup98-Nup96,NUP98,Homo sapiens,phasepro
P14907,Nucleoporin NSP1,NSP1,Saccharomyces cerevisiae,phasepro
Q02629,Nucleoporin NUP100/NSP100,NUP100,Saccharomyces cerevisiae,phasepro
P15502,Elastin,ELN,Homo sapiens,phasepro
G5EBV6,Guanyl-specific ribonuclease pgl-3,PGL-3,Caenorhabditis elegans,phasepro
Q9TXM1,Uncharacterized protein,MEG-3,Caenorhabditis elegans,phasepro
P32588,Nuclear and cytoplasmic polyadenylated RNA-binding protein PUB1,PUB1,Saccharomyces cerevisiae,phasepro
P39936,Eukaryotic initiation factor 4F subunit p130,TIF4632,Saccharomyces cerevisiae,phasepro
Q96PK6,RNA-binding protein 14,RBM14,Homo sapiens,phasepro
P45973,Chromobox protein homolog 5,CBX5,Homo sapiens,phasepro
P05205,Heterochromatin protein 1,SU(VAR)205,Drosophila melanogaster,phasepro
P04147,"Polyadenylate-binding protein, cytoplasmic and nuclear",PAB1,Saccharomyces cerevisiae,phasepro
Q22053,rRNA 2-O-methyltransferase fibrillarin,FIB-1,Caenorhabditis elegans,phasepro
P06748,Nucleophosmin,NPM1,Homo sapiens,phasepro
P91349,Spindle-defective protein 5,SPD-5,Caenorhabditis elegans,phasepro
Q9UHD9,Ubiquilin-2,UBQLN2,Homo sapiens,phasepro
D8V196,Cytoplasmic polyadenylation element binding protein 4,CPEB4,Xenopus laevis,phasepro
Q16082,Heat shock protein beta-2,HSPB2,Homo sapiens,phasepro
P10636-8,Isoform Tau-F of Microtubule-associated protein tau,MAPT,Homo sapiens,phasepro
Q9UPQ9,Trinucleotide repeat-containing gene 6B protein,TNRC6B,Homo sapiens,phasepro
J3QQ18,Ras/Rap GTPase-activating protein SynGAP,SYNGAP1,Mus musculus,phasepro
P17931,Galectin-3,LGALS3,Homo sapiens,phasepro
Q7YU08,LD15974p,RBFOX1,Drosophila melanogaster,phasepro
Q13501,Sequestosome-1,SQSTM1,Homo sapiens,phasepro
O43561,Linker for activation of T-cells family member 1,LAT,Homo sapiens,phasepro
P62993,Growth factor receptor-bound protein 2,GRB2,Homo sapiens,phasepro
Q07889,Son of sevenless homolog 1,SOS1,Homo sapiens,phasepro
Q15233,Non-POU domain-containing octamer-binding protein,NONO,Homo sapiens,phasepro
P23246,"Splicing factor, proline- and glutamine-rich",SFPQ,Homo sapiens,phasepro
Q9W1V3,rRNA 2-O-methyltransferase fibrillarin,FIB,Drosophila melanogaster,phasepro
Q7KTV5,"Nopp140, isoform B",NOPP140,Drosophila melanogaster,phasepro
Q9VD51,Probable ATP-dependent RNA helicase pitchoune,PIT,Drosophila melanogaster,phasepro
P53297,PAB1-binding protein 1,PBP1,Saccharomyces cerevisiae,phasepro
O13828,mRNA decapping complex subunit 2,DCP2,Schizosaccharomyces pombe,phasepro
O94752,Enhancer of mRNA-decapping protein 3,EDC3,Schizosaccharomyces pombe,phasepro
Q09737,Putative pyruvate decarboxylase C13A11.06,SPAC13A11.06,Schizosaccharomyces pombe,phasepro
Q9W4I7,Partner of numb,PON,Drosophila melanogaster,phasepro
P16554,Protein numb,NUMB,Drosophila melanogaster,phasepro
P05453,Eukaryotic peptide chain release factor GTP-binding subunit,SUP35,Saccharomyces cerevisiae,phasepro
O62011,MUTator,MUT-16,Caenorhabditis elegans,phasepro
P17600,Synapsin-1,SYN1,Homo sapiens,phasepro
Q8N884,Cyclic GMP-AMP synthase,CGAS,Homo sapiens,phasepro
Q15648,Mediator of RNA polymerase II transcription subunit 1,MED1,Homo sapiens,phasepro
O60885,Bromodomain-containing protein 4,BRD4,Homo sapiens,phasepro
H0WFA5,Bucky ball,BUC,Danio rerio,phasepro
F1R237,Tudor domain-containing 6,TDRD6,Danio rerio,phasepro
P0A9A6,Cell division protein FtsZ,FTSZ,Escherichia coli,phasepro
P0C093,Nucleoid occlusion factor SlmA,SLMA,Escherichia coli,phasepro
P22363,Phosphoprotein,P,Rabies virus,phasepro
Q8JXF6,Nucleoprotein,N,Rabies virus,phasepro
Q9A749,Ribonuclease E,RNE,Caulobacter vibrioides,phasepro
Q07666,"KH domain-containing, RNA-binding, signal transduction-associated protein 1",KHDRBS1,Homo sapiens,phasepro
Q14103,Heterogeneous nuclear ribonucleoprotein D0,HNRNPD,Homo sapiens,phasepro
O43791,Speckle-type POZ protein,SPOP,Homo sapiens,phasepro
Q9UER7,Death domain-associated protein 6,DAXX,Homo sapiens,phasepro
P25158-2,Isoform C of Maternal effect protein oskar,OSKA_DROME,Drosophila melanogaster,phasepro
P08287,Histone H1.11L,H11L_CHICK,Gallus gallus,phasepro
Q5BI67,LP14866p,SEC16,Drosophila melanogaster,phasepro
A1Z813,"Sec24AB ortholog, isoform A",SEC24AB,Drosophila melanogaster,phasepro
Q9VNF8,"Secretory 23, isoform A",SEC23,Drosophila melanogaster,phasepro
P24928,DNA-directed RNA polymerase II subunit RPB1,POLR2A,Homo sapiens,phasepro
P04050,DNA-directed RNA polymerase II subunit RPB1,RPO21,Saccharomyces cerevisiae,phasepro
O60563,Cyclin-T1,CCNT1,Homo sapiens,phasepro
Q13627,Dual specificity tyrosine-phosphorylation-regulated kinase 1A,DYRK1A,Homo sapiens,phasepro
P03520,Phosphoprotein,P,Vesicular stomatitis Indiana virus,phasepro
P03521,Nucleoprotein,N,Vesicular stomatitis Indiana virus,phasepro
P03523,RNA-directed RNA polymerase L,L,Vesicular stomatitis Indiana virus,phasepro
P04156,Major prion protein,PRNP,Homo sapiens,phasepro
P05067,Amyloid-beta A4 protein,APP,Homo sapiens,phasepro
Q500V5,Agenet domain-containing protein,AT1G09320,Arabidopsis thaliana,phasepro
Q14781,Chromobox protein homolog 2,CBX2,Homo sapiens,phasepro
Q02794,Protein STD1,STD1,Saccharomyces cerevisiae,phasepro
P38996,Nuclear polyadenylated RNA-binding protein 3,NAB3,Saccharomyces cerevisiae,phasepro
Q94ET8,LCI5,LCI5,Chlamydomonas reinhardtii,phasepro
Q9JIR4,Regulating synaptic membrane exocytosis protein 1,RIMS1,Rattus norvegicus,phasepro
Q9JIR1,RIMS-binding protein 2,RIMBP2,Rattus norvegicus,phasepro
Q8L3W1,B3 domain-containing transcription factor VRN1,VRN1,Arabidopsis thaliana,phasepro
Q07352,mRNA decay activator protein ZFP36L1,ZFP36L1,Homo sapiens,phasepro
P23771,Trans-acting T-cell-specific transcription factor GATA-3,GATA3,Homo sapiens,phasepro
P03372,Estrogen receptor,ESR1,Homo sapiens,phasepro
O43781,Dual specificity tyrosine-phosphorylation-regulated kinase 3,DYRK3,Homo sapiens,phasepro
Q92777,Synapsin-2,SYN2,Homo sapiens,phasepro
Q60598,Src substrate cortactin,CTTN,Mus musculus,phasepro
O74718,Eukaryotic peptide chain release factor GTP-binding subunit,SUP35,Schizosaccharomyces pombe,phasepro
P29590-12,Isoform PML-12 of Protein PML,PML,Homo sapiens,phasepro
P78352-3,Isoform 3 of Disks large homolog 4,DLG4_HUMAN,Homo sapiens,phasepro
Q9UKV8,Protein argonaute-2,AGO2,Homo sapiens,phasepro
P00873,"Ribulose bisphosphate carboxylase small chain 1, chloroplastic",RBCS-1,Chlamydomonas reinhardtii,phasepro
P78953,Division mal foutue 1 protein,MID1,Schizosaccharomyces pombe,phasepro
Q9W4W2,Female sterile (1) Yb,FS(1)YB,Drosophila melanogaster,phasepro
P43243,Matrin-3,MATR3,Homo sapiens,phasepro
Q54VP4,Heat shock protein DDB_G0280215,DDB_G0280215,Dictyostelium discoideum,phasepro
P26368,Splicing factor U2AF 65 kDa subunit,U2AF2,Homo sapiens,phasepro
Q14149,MORC family CW-type zinc finger protein 3,MORC3,Homo sapiens,phasepro
O65934,ABC transporter ATP-binding/permease protein Rv1747,RV1747,Mycobacterium tuberculosis,phasepro
A0QSY1,"ABC transporter, ATP-binding protein",MSMEG_1642,Mycobacterium smegmatis,phasepro
P35972,Nucleoprotein,N,Measles virus,phasepro
Q9Y5A9,YTH domain-containing family protein 2,YTHDF2,Homo sapiens,phasepro
Q9BYJ9,YTH domain-containing family protein 1,YTHDF1,Homo sapiens,phasepro
Q7Z739,YTH domain-containing family protein 3,YTHDF3,Homo sapiens,phasepro
Q9U2F5,TIA-1/TIAL RNA binding protein homolog,TIAR-2,Caenorhabditis elegans,phasepro
Q8NE35,Cytoplasmic polyadenylation element-binding protein 3,CPEB3,Homo sapiens,phasepro
P35974,Phosphoprotein,P/V,Measles virus,phasepro
Q12888,TP53-binding protein 1,TP53BP1,Homo sapiens,phasepro
