UniProt_ID,pos_PSAP,neg_PSAP,pos_DeePhase,neg_DeePhase,pos_PSPHunter,neg_PSPHunter,pos_PSPire,neg_PSPire,pos_PICNIC,neg_PICNIC,pos_PDL,neg_PDL,pos_SaPS,neg_SaPS,pos_PdPS,neg_PdPS,pos_MolPhase,neg_MolPhase,pos_Opt_PredLLPS,neg_Opt_PredLLPS,pos_MambaPhase,neg_MambaPhase,pos_Seq2Phase,neg_Seq2Phase,pos_LLPhyScore,neg_LLPhyScore
O00254,False,False,False,False,False,True,False,True,False,False,False,False,False,True,False,True,False,False,False,False,False,True,False,True,unknown,False
O14763,False,False,False,False,False,False,False,True,False,False,False,False,False,True,False,True,False,False,False,False,False,True,False,True,unknown,False
O43561,True,False,False,False,True,False,True,False,True,False,False,False,False,False,True,False,True,False,True,False,True,False,True,False,unknown,True
O60500,False,False,False,True,True,False,True,False,True,False,True,False,False,False,True,False,True,False,True,False,True,False,True,False,True,False
O60733,False,False,False,False,False,False,False,True,False,False,False,False,False,True,False,True,False,False,False,False,False,True,False,True,unknown,False
O75445,False,False,False,False,False,False,False,False,False,False,False,False,False,True,False,True,False,False,False,False,False,True,False,True,unknown,False
O75460,False,False,False,False,False,False,False,True,False,False,False,False,False,True,False,True,False,False,False,False,False,True,False,True,unknown,True
O75581,False,False,False,False,False,False,False,False,False,False,False,False,False,False,False,False,False,False,False,False,False,False,False,False,unknown,False
P00533,False,False,False,False,False,False,False,False,True,False,False,False,False,False,False,False,False,False,False,False,False,False,False,False,unknown,False
P01857,False,False,False,False,False,True,True,False,False,False,True,False,False,False,False,False,False,False,True,False,False,False,False,False,unknown,False
P04626,False,False,False,False,False,False,False,False,False,False,True,False,False,True,False,True,False,False,False,False,False,True,False,True,unknown,False
P05067,False,False,False,True,True,False,True,False,True,False,False,False,False,False,False,False,True,False,True,False,True,False,True,False,unknown,True
P05556,False,False,False,False,False,False,False,False,True,False,False,False,False,False,False,False,False,False,False,False,True,False,True,False,unknown,False
P07766,False,False,False,False,False,True,False,True,False,False,False,False,False,True,False,True,False,False,False,False,False,True,False,True,unknown,False
P07949,False,False,False,False,False,False,False,False,False,False,True,False,False,True,False,True,False,False,True,False,False,True,False,True,unknown,False
P08172,False,False,False,False,False,True,False,False,False,False,False,False,False,False,False,False,False,False,False,False,False,False,False,False,unknown,False
P08247,False,False,False,False,False,False,False,False,False,False,False,False,False,False,False,False,False,False,False,False,True,False,True,False,unknown,False
P08908,False,False,True,False,True,False,False,False,True,False,True,False,False,False,False,False,True,False,True,False,False,True,False,True,True,False
P10747,False,False,False,False,False,True,False,True,False,False,False,False,False,True,False,True,False,False,False,False,False,True,False,True,unknown,False
P11362,False,False,False,False,False,False,False,False,False,False,True,False,False,False,False,False,False,False,True,False,True,False,True,False,unknown,False
P13569,False,False,False,False,False,False,False,False,False,False,False,False,False,False,False,False,False,False,False,False,False,False,False,False,unknown,False
P15529,False,False,False,False,False,True,False,True,False,False,False,False,False,True,False,True,False,False,False,False,False,True,False,True,unknown,False
P15941,False,False,False,False,False,True,False,True,False,False,False,False,False,True,False,True,False,False,False,False,False,True,False,True,unknown,False
P15954,False,False,False,False,False,True,False,False,False,False,False,False,False,False,False,False,False,False,False,False,False,True,False,True,unknown,False
P17948,False,False,False,False,False,False,True,False,True,False,True,False,False,False,False,False,False,False,False,False,False,True,False,True,unknown,False
P20963,False,False,False,False,False,False,False,True,False,False,False,False,False,True,False,True,False,False,False,False,False,True,False,True,unknown,False
P21802,False,False,False,False,False,False,False,False,False,False,True,False,False,False,False,False,False,False,False,False,False,False,False,False,unknown,False
P29317,False,False,False,False,False,False,False,False,False,False,False,False,False,False,False,False,False,False,False,False,False,False,False,False,unknown,False
P31431,False,False,False,False,False,True,False,True,False,False,False,False,False,True,False,True,False,False,False,False,False,True,False,True,unknown,False
P31645,False,False,False,False,False,False,False,False,False,False,False,False,False,False,False,False,False,False,False,False,False,False,False,False,unknown,False
P35968,False,False,False,False,False,False,True,False,True,False,False,False,False,False,False,False,False,False,True,False,False,True,False,True,unknown,False
P40967,False,False,False,False,False,True,True,False,False,False,True,False,False,False,False,False,True,False,True,False,False,True,False,True,unknown,False
P46531,False,False,False,False,False,False,False,False,False,False,False,False,False,False,False,False,False,False,False,False,False,False,False,False,unknown,True
P49146,False,False,False,False,False,True,False,True,False,True,False,False,False,True,False,True,False,False,False,False,False,True,False,True,unknown,False
P61073,False,False,False,False,False,False,False,True,False,False,False,False,False,True,False,True,False,False,False,False,False,True,False,True,unknown,False
P63027,False,False,False,False,False,True,False,False,False,False,False,False,False,False,False,False,False,False,False,False,False,False,False,False,unknown,False
Q03135,False,False,False,False,False,True,False,False,False,False,False,False,False,False,False,False,False,False,False,False,False,True,False,True,unknown,False
Q04671,False,False,False,False,False,True,False,True,False,False,False,False,False,True,False,True,False,False,False,False,False,True,False,True,unknown,False
Q07065,False,False,False,False,False,False,False,False,False,False,False,False,False,False,False,False,False,False,False,False,True,False,True,False,unknown,True
Q08345,False,False,False,False,False,False,False,True,False,False,False,False,False,True,False,True,False,False,False,False,False,True,False,True,unknown,False
Q12879,False,False,False,False,False,False,False,False,False,False,False,False,False,False,False,False,False,False,False,False,True,False,True,False,unknown,False
Q13021,False,False,False,False,False,True,False,False,False,True,False,False,False,False,False,False,False,False,False,False,False,True,False,True,unknown,False
Q14739,False,False,False,False,False,False,False,False,False,False,True,False,False,False,False,False,False,False,False,False,False,False,False,False,unknown,False
Q14BN4,False,False,False,False,False,False,False,False,False,False,False,False,False,False,False,False,False,False,False,False,False,True,False,True,unknown,False
Q15303,False,False,False,False,False,False,False,False,True,False,True,False,False,False,False,False,False,False,True,False,False,True,False,True,unknown,False
Q16635,False,False,False,False,False,True,False,False,False,False,False,False,False,False,False,False,False,False,False,False,False,True,False,True,unknown,False
Q7Z3C6,False,False,False,False,False,True,False,False,False,False,False,False,False,False,False,False,False,False,False,False,False,True,False,True,unknown,False
Q7Z434,False,False,False,False,False,False,False,False,False,False,True,False,False,False,False,False,True,False,True,False,False,False,False,False,unknown,False
Q86WV6,False,False,False,False,False,True,True,False,False,False,True,False,False,False,False,False,True,False,True,False,False,True,False,True,unknown,False
Q8N114,False,False,False,False,False,True,False,True,False,False,False,False,False,True,False,True,False,False,False,False,False,True,False,True,unknown,False
Q8NC56,True,False,False,False,False,False,True,False,False,False,True,False,True,False,False,False,True,False,True,False,False,True,False,True,unknown,False
Q8TEM1,False,False,False,False,False,False,False,False,False,False,False,False,False,False,False,False,False,False,False,False,True,False,True,False,unknown,False
Q8WXG9,False,False,False,False,False,False,False,False,False,False,False,False,False,True,False,True,False,False,False,False,False,True,False,True,unknown,False
Q9BR39,False,False,False,False,False,True,True,False,False,True,True,False,False,False,False,False,False,False,True,False,False,True,False,True,unknown,False
Q9BRQ8,False,False,False,False,False,False,False,False,False,False,False,False,False,False,False,False,False,False,False,False,False,True,False,True,unknown,False
Q9H3U5,False,False,False,False,False,True,False,True,False,False,False,False,False,True,False,True,False,False,False,False,False,True,False,True,unknown,False
Q9H461,False,False,False,False,False,False,False,False,False,False,False,False,False,False,False,False,False,False,False,False,False,False,False,False,unknown,True
Q9UJA2,False,False,False,False,False,True,False,True,False,False,False,False,False,True,False,True,False,False,False,False,False,True,False,True,unknown,False
Q9UM73,False,False,False,False,False,False,False,False,False,False,True,False,False,True,False,True,False,False,True,False,False,True,False,True,unknown,False
Q9Y624,False,False,False,False,False,False,False,True,False,False,False,False,False,True,False,True,False,False,False,False,False,True,False,True,unknown,True
