Predictor,Scenario,AUROC_mean,AUROC_sd,AUROC_lo,AUROC_hi,n_neg
PICNIC,Proteome background (full),0.44,0.0,0.44,0.44,19593
PICNIC,Membrane background (full),0.699,0.0,0.699,0.699,5132
PICNIC,Proteome background (1:1 matched),0.353,0.033,0.293,0.415,60
PICNIC,Proteome background (1:10 matched),0.347,0.01,0.329,0.366,600
PICNIC,Membrane background (1:1 matched),0.705,0.033,0.639,0.761,60
PICNIC,Membrane background (1:10 matched),0.699,0.011,0.677,0.724,600
PICNIC (GO),Proteome background (full),0.498,0.0,0.498,0.498,19593
PICNIC (GO),Membrane background (full),0.713,0.0,0.713,0.713,5132
PICNIC (GO),Proteome background (1:1 matched),0.416,0.028,0.368,0.48,60
PICNIC (GO),Proteome background (1:10 matched),0.415,0.008,0.399,0.429,600
PICNIC (GO),Membrane background (1:1 matched),0.718,0.028,0.664,0.769,60
PICNIC (GO),Membrane background (1:10 matched),0.714,0.009,0.699,0.733,600
PSPire,Proteome background (full),0.63,0.0,0.63,0.63,19593
PSPire,Membrane background (full),0.766,0.0,0.766,0.766,5132
PSPire,Proteome background (1:1 matched),0.588,0.034,0.512,0.641,60
PSPire,Proteome background (1:10 matched),0.58,0.01,0.564,0.598,600
PSPire,Membrane background (1:1 matched),0.771,0.023,0.727,0.813,60
PSPire,Membrane background (1:10 matched),0.766,0.007,0.753,0.78,600
PSPHunter,Proteome background (full),0.672,0.0,0.672,0.672,19593
PSPHunter,Membrane background (full),0.802,0.0,0.802,0.802,5132
PSPHunter,Proteome background (1:1 matched),0.627,0.034,0.563,0.689,60
PSPHunter,Proteome background (1:10 matched),0.624,0.011,0.599,0.646,600
PSPHunter,Membrane background (1:1 matched),0.805,0.023,0.757,0.849,60
PSPHunter,Membrane background (1:10 matched),0.802,0.008,0.785,0.816,600
SaPS,Proteome background (full),0.628,0.0,0.628,0.628,19593
SaPS,Membrane background (full),0.712,0.0,0.712,0.712,5132
SaPS,Proteome background (1:1 matched),0.598,0.034,0.529,0.675,60
SaPS,Proteome background (1:10 matched),0.597,0.012,0.575,0.625,600
SaPS,Membrane background (1:1 matched),0.712,0.026,0.664,0.762,60
SaPS,Membrane background (1:10 matched),0.713,0.008,0.696,0.729,600
PdPS,Proteome background (full),0.58,0.0,0.58,0.58,19593
PdPS,Membrane background (full),0.759,0.0,0.759,0.759,5132
PdPS,Proteome background (1:1 matched),0.521,0.035,0.457,0.584,60
PdPS,Proteome background (1:10 matched),0.515,0.012,0.49,0.54,600
PdPS,Membrane background (1:1 matched),0.765,0.026,0.709,0.812,60
PdPS,Membrane background (1:10 matched),0.76,0.009,0.741,0.777,600
PDL,Proteome background (full),0.506,0.0,0.506,0.506,19593
PDL,Membrane background (full),0.633,0.0,0.633,0.633,5132
PDL,Proteome background (1:1 matched),0.46,0.037,0.399,0.522,60
PDL,Proteome background (1:10 matched),0.46,0.012,0.437,0.484,600
PDL,Membrane background (1:1 matched),0.638,0.031,0.585,0.691,60
PDL,Membrane background (1:10 matched),0.633,0.01,0.615,0.652,600
LLPhyScore,Proteome background (full),0.376,0.0,0.376,0.376,19593
LLPhyScore,Membrane background (full),0.488,0.0,0.488,0.488,5132
LLPhyScore,Proteome background (1:1 matched),0.334,0.029,0.283,0.378,60
LLPhyScore,Proteome background (1:10 matched),0.335,0.009,0.319,0.349,600
LLPhyScore,Membrane background (1:1 matched),0.488,0.026,0.427,0.532,60
LLPhyScore,Membrane background (1:10 matched),0.489,0.008,0.472,0.503,600
PScore,Proteome background (full),0.604,0.0,0.604,0.604,19593
PScore,Membrane background (full),0.668,0.0,0.668,0.668,5132
PScore,Proteome background (1:1 matched),0.575,0.033,0.514,0.639,60
PScore,Proteome background (1:10 matched),0.581,0.011,0.559,0.603,600
PScore,Membrane background (1:1 matched),0.664,0.026,0.602,0.711,60
PScore,Membrane background (1:10 matched),0.668,0.008,0.652,0.685,600
R+Y,Proteome background (full),0.487,0.0,0.487,0.487,19593
R+Y,Membrane background (full),0.517,0.0,0.517,0.517,5132
R+Y,Proteome background (1:1 matched),0.475,0.042,0.399,0.555,60
R+Y,Proteome background (1:10 matched),0.476,0.012,0.453,0.497,600
R+Y,Membrane background (1:1 matched),0.516,0.037,0.442,0.584,60
R+Y,Membrane background (1:10 matched),0.515,0.01,0.494,0.535,600
ParSe2,Proteome background (full),0.638,0.0,0.638,0.638,19593
ParSe2,Membrane background (full),0.68,0.0,0.68,0.68,5132
ParSe2,Proteome background (1:1 matched),0.617,0.04,0.536,0.691,60
ParSe2,Proteome background (1:10 matched),0.623,0.011,0.606,0.643,600
ParSe2,Membrane background (1:1 matched),0.684,0.034,0.614,0.744,60
ParSe2,Membrane background (1:10 matched),0.679,0.01,0.66,0.7,600
FuzDrop,Proteome background (full),0.537,0.0,0.537,0.537,19593
FuzDrop,Membrane background (full),0.663,0.0,0.663,0.663,5132
FuzDrop,Proteome background (1:1 matched),0.495,0.041,0.43,0.577,60
FuzDrop,Proteome background (1:10 matched),0.493,0.013,0.469,0.519,600
FuzDrop,Membrane background (1:1 matched),0.668,0.035,0.601,0.735,60
FuzDrop,Membrane background (1:10 matched),0.662,0.012,0.64,0.686,600
PSAP,Proteome background (full),0.494,0.0,0.494,0.494,19593
PSAP,Membrane background (full),0.592,0.0,0.592,0.592,5132
PSAP,Proteome background (1:1 matched),0.459,0.035,0.396,0.514,60
PSAP,Proteome background (1:10 matched),0.459,0.011,0.438,0.477,600
PSAP,Membrane background (1:1 matched),0.594,0.028,0.539,0.642,60
PSAP,Membrane background (1:10 matched),0.593,0.009,0.577,0.607,600
DeepPhase,Proteome background (full),0.525,0.0,0.525,0.525,19593
DeepPhase,Membrane background (full),0.583,0.0,0.583,0.583,5132
DeepPhase,Proteome background (1:1 matched),0.506,0.047,0.422,0.611,60
DeepPhase,Proteome background (1:10 matched),0.502,0.014,0.475,0.534,600
DeepPhase,Membrane background (1:1 matched),0.583,0.032,0.519,0.642,60
DeepPhase,Membrane background (1:10 matched),0.584,0.011,0.562,0.605,600
catGRANULE,Proteome background (full),0.558,0.0,0.558,0.558,19593
catGRANULE,Membrane background (full),0.672,0.0,0.672,0.672,5132
catGRANULE,Proteome background (1:1 matched),0.521,0.038,0.446,0.593,60
catGRANULE,Proteome background (1:10 matched),0.516,0.011,0.493,0.537,600
catGRANULE,Membrane background (1:1 matched),0.673,0.031,0.621,0.727,60
catGRANULE,Membrane background (1:10 matched),0.672,0.01,0.653,0.694,600
PLAAC,Proteome background (full),0.595,0.0,0.595,0.595,19593
PLAAC,Membrane background (full),0.618,0.0,0.618,0.618,5132
PLAAC,Proteome background (1:1 matched),0.587,0.034,0.522,0.654,60
PLAAC,Proteome background (1:10 matched),0.587,0.011,0.564,0.607,600
PLAAC,Membrane background (1:1 matched),0.618,0.028,0.569,0.671,60
PLAAC,Membrane background (1:10 matched),0.617,0.011,0.598,0.64,600
ESpritz,Proteome background (full),0.489,0.0,0.489,0.489,19593
ESpritz,Membrane background (full),0.577,0.0,0.577,0.577,5132
ESpritz,Proteome background (1:1 matched),0.466,0.032,0.402,0.53,60
ESpritz,Proteome background (1:10 matched),0.457,0.012,0.436,0.482,600
ESpritz,Membrane background (1:1 matched),0.578,0.036,0.506,0.646,60
ESpritz,Membrane background (1:10 matched),0.576,0.011,0.554,0.598,600
SEG,Proteome background (full),0.511,0.0,0.511,0.511,19593
SEG,Membrane background (full),0.481,0.0,0.481,0.481,5132
SEG,Proteome background (1:1 matched),0.526,0.037,0.454,0.592,60
SEG,Proteome background (1:10 matched),0.522,0.013,0.497,0.544,600
SEG,Membrane background (1:1 matched),0.483,0.034,0.426,0.543,60
SEG,Membrane background (1:10 matched),0.481,0.011,0.46,0.501,600
