UniProt_ID,approach,region,seg_idx,length,score_mean,score_sum,n_scored_residues
P15941,segment,Cytoplasmic,0.0,74,1.470104336537255,73.50521682686275,50
Q7Z434,segment,Cytoplasmic,0.0,512,0.33106976975381286,161.56204763986065,488
Q9BR39,segment,Cytoplasmic,0.0,674,0.4256094697067214,276.6461553093689,650
O43561,segment,Cytoplasmic,0.0,235,0.3915230130177132,82.61135574673749,211
P31431,segment,Cytoplasmic,0.0,28,0.0,0.0,4
O75445,segment,Cytoplasmic,0.0,139,0.14707703790254775,16.91385935879299,115
Q9UM73,segment,Cytoplasmic,0.0,561,0.1194006512465322,64.11814971938779,537
Q9H461,segment,Cytoplasmic,0.0,16,,,0
Q9H461,segment,Cytoplasmic,1.0,22,,,0
Q9H461,segment,Cytoplasmic,2.0,28,0.0,0.0,4
Q9H461,segment,Cytoplasmic,3.0,89,3.872663114384296,251.72310243497924,65
O14763,segment,Cytoplasmic,0.0,209,0.11425188515274033,21.136598753256962,185
P46531,segment,Cytoplasmic,0.0,799,0.2507917912738868,194.36363823726228,775
Q8N114,segment,Cytoplasmic,0.0,114,0.5443553955879605,48.991985602916444,90
Q07065,segment,Cytoplasmic,0.0,106,0.8976193124447374,73.60478362046847,82
P08172,segment,Cytoplasmic,0.0,14,,,0
P08172,segment,Cytoplasmic,1.0,21,,,0
P08172,segment,Cytoplasmic,2.0,180,0.5536637848226438,86.37155043233243,156
P08172,segment,Cytoplasmic,3.0,24,,,0
Q08345,segment,Cytoplasmic,0.0,475,0.07864262084693918,35.46782200196957,451
O60500,segment,Cytoplasmic,0.0,166,0.06936197234519696,9.849400073017968,142
P05067,segment,Cytoplasmic,0.0,48,0.011641364043656352,0.27939273704775247,24
Q8WXG9,segment,Cytoplasmic,0.0,10,,,0
Q8WXG9,segment,Cytoplasmic,1.0,10,,,0
Q8WXG9,segment,Cytoplasmic,2.0,24,,,0
Q8WXG9,segment,Cytoplasmic,3.0,152,0.7823295089659866,100.1381771476463,128
P11362,segment,Cytoplasmic,0.0,425,0.06285995359304117,25.206841390809508,401
P40967,segment,Cytoplasmic,0.0,45,0.0,0.0,21
P07766,segment,Cytoplasmic,0.0,55,0.13657167777735946,4.233722011098143,31
P20963,segment,Cytoplasmic,0.0,113,0.20772780144426956,18.48777432853999,89
P04626,segment,Cytoplasmic,0.0,580,0.095235083083909,52.95070619465341,556
O75460,segment,Cytoplasmic,0.0,513,0.148726458503951,72.72723820843204,489
P35968,segment,Cytoplasmic,0.0,571,0.11561957942203296,63.24390994385204,547
Q12879,segment,Cytoplasmic,0.0,24,,,0
Q12879,segment,Cytoplasmic,1.0,10,,,0
Q12879,segment,Cytoplasmic,2.0,629,0.20814750216332967,125.92923880881446,605
Q86WV6,segment,Cytoplasmic,0.0,17,,,0
Q86WV6,segment,Cytoplasmic,1.0,22,,,0
Q86WV6,segment,Cytoplasmic,2.0,245,0.010932650230717886,2.416115700988653,221
P07949,segment,Cytoplasmic,0.0,457,0.22049379787189147,95.47381447852901,433
P08908,segment,Cytoplasmic,0.0,14,,,0
P08908,segment,Cytoplasmic,1.0,20,,,0
P08908,segment,Cytoplasmic,2.0,130,0.22706206248782945,24.06857862370992,106
P08908,segment,Cytoplasmic,3.0,19,,,0
Q7Z3C6,segment,Cytoplasmic,0.0,60,0.0,0.0,36
Q7Z3C6,segment,Cytoplasmic,1.0,136,0.0,0.0,112
Q7Z3C6,segment,Cytoplasmic,2.0,18,,,0
Q7Z3C6,segment,Cytoplasmic,3.0,43,0.0,0.0,19
Q7Z3C6,segment,Cytoplasmic,4.0,46,0.0,0.0,22
Q7Z3C6,segment,Cytoplasmic,5.0,3,,,0
Q7Z3C6,segment,Cytoplasmic,6.0,347,0.2653419852689606,85.70546124187429,323
O75581,segment,Cytoplasmic,0.0,220,1.2153542083745559,238.20942484141295,196
P63027,segment,Cytoplasmic,0.0,93,0.03425743952051159,2.3637633269153,69
Q04671,segment,Cytoplasmic,0.0,179,0.3459400193164273,53.620702994046226,155
Q04671,segment,Cytoplasmic,1.0,6,,,0
Q04671,segment,Cytoplasmic,2.0,22,,,0
Q04671,segment,Cytoplasmic,3.0,90,0.0,0.0,66
Q04671,segment,Cytoplasmic,4.0,15,,,0
Q04671,segment,Cytoplasmic,5.0,23,,,0
Q04671,segment,Cytoplasmic,6.0,4,,,0
Q14BN4,segment,Cytoplasmic,0.0,802,0.029758347847266563,23.151994625173387,778
P15529,segment,Cytoplasmic,0.0,26,0.0,0.0,2
Q8TEM1,segment,Cytoplasmic,0.0,58,0.16935626143902274,5.758112888926774,34
P00533,segment,Cytoplasmic,0.0,542,0.10240159535716993,53.04402639501402,518
P21802,segment,Cytoplasmic,0.0,423,0.09956175472519814,39.72514013535406,399
P08247,segment,Cytoplasmic,0.0,25,0.0,0.0,1
P08247,segment,Cytoplasmic,1.0,7,,,0
P08247,segment,Cytoplasmic,2.0,90,2.6308850934607078,173.63841616840668,66
P29317,segment,Cytoplasmic,0.0,418,0.013453165217713395,5.300547095779079,394
P17948,segment,Cytoplasmic,0.0,558,0.06609637367019584,35.29546353988458,534
P05556,segment,Cytoplasmic,0.0,47,0.08658099328486085,1.9913628455517995,23
P10747,segment,Cytoplasmic,0.0,41,0.0,0.0,17
P61073,segment,Cytoplasmic,0.0,14,,,0
P61073,segment,Cytoplasmic,1.0,24,,,0
P61073,segment,Cytoplasmic,2.0,25,0.0,0.0,1
P61073,segment,Cytoplasmic,3.0,50,0.48307055051893333,12.559834313492267,26
Q15303,segment,Cytoplasmic,0.0,633,0.0893332008798372,54.40391933582086,609
O00254,segment,Cytoplasmic,0.0,8,,,0
O00254,segment,Cytoplasmic,1.0,17,,,0
O00254,segment,Cytoplasmic,2.0,17,,,0
O00254,segment,Cytoplasmic,3.0,13,,,0
Q9Y624,segment,Cytoplasmic,0.0,40,0.05561108023026195,0.8897772836841912,16
P31645,segment,Cytoplasmic,0.0,87,0.7147426105338518,45.02878446363266,63
P31645,segment,Cytoplasmic,1.0,25,0.0,0.0,1
P31645,segment,Cytoplasmic,2.0,6,,,0
P31645,segment,Cytoplasmic,3.0,13,,,0
P31645,segment,Cytoplasmic,4.0,20,,,0
P31645,segment,Cytoplasmic,5.0,22,,,0
P31645,segment,Cytoplasmic,6.0,35,0.0014778161370403151,0.016255977507443467,11
P49146,segment,Cytoplasmic,0.0,13,,,0
P49146,segment,Cytoplasmic,1.0,17,,,0
P49146,segment,Cytoplasmic,2.0,27,0.0,0.0,3
P49146,segment,Cytoplasmic,3.0,55,0.0,0.0,31
P13569,segment,Cytoplasmic,0.0,77,0.0,0.0,53
P13569,segment,Cytoplasmic,1.0,49,0.0,0.0,25
P13569,segment,Cytoplasmic,2.0,55,0.0,0.0,31
P13569,segment,Cytoplasmic,3.0,500,0.05275972820140001,25.113630623866403,476
P13569,segment,Cytoplasmic,4.0,51,0.0,0.0,27
P13569,segment,Cytoplasmic,5.0,61,0.0,0.0,37
P13569,segment,Cytoplasmic,6.0,329,0.03908953967232555,11.922309600059293,305
Q03135,segment,Cytoplasmic,0.0,103,0.01120467897730213,0.8851696392068683,79
Q03135,segment,Cytoplasmic,1.0,53,0.0,0.0,29
P15941,segment,Transmembrane,0.0,23,,,0
Q7Z434,segment,Transmembrane,0.0,21,,,0
Q9BR39,segment,Transmembrane,0.0,21,,,0
O43561,segment,Transmembrane,0.0,23,,,0
P31431,segment,Transmembrane,0.0,25,0.0,0.0,1
O75445,segment,Transmembrane,0.0,21,,,0
Q9UM73,segment,Transmembrane,0.0,21,,,0
Q9H461,segment,Transmembrane,0.0,21,,,0
Q9H461,segment,Transmembrane,1.0,21,,,0
Q9H461,segment,Transmembrane,2.0,21,,,0
Q9H461,segment,Transmembrane,3.0,21,,,0
Q9H461,segment,Transmembrane,4.0,21,,,0
Q9H461,segment,Transmembrane,5.0,21,,,0
Q9H461,segment,Transmembrane,6.0,21,,,0
O14763,segment,Transmembrane,0.0,21,,,0
P46531,segment,Transmembrane,0.0,21,,,0
Q8N114,segment,Transmembrane,0.0,21,,,0
Q07065,segment,Transmembrane,0.0,21,,,0
P08172,segment,Transmembrane,0.0,26,0.0,0.0,2
P08172,segment,Transmembrane,1.0,25,0.0,0.0,1
P08172,segment,Transmembrane,2.0,27,0.0,0.0,3
P08172,segment,Transmembrane,3.0,22,,,0
P08172,segment,Transmembrane,4.0,25,0.0,0.0,1
P08172,segment,Transmembrane,5.0,25,0.0,0.0,1
P08172,segment,Transmembrane,6.0,23,,,0
Q08345,segment,Transmembrane,0.0,21,,,0
O60500,segment,Transmembrane,0.0,21,,,0
P05067,segment,Transmembrane,0.0,21,,,0
Q8WXG9,segment,Transmembrane,0.0,21,,,0
Q8WXG9,segment,Transmembrane,1.0,21,,,0
Q8WXG9,segment,Transmembrane,2.0,21,,,0
Q8WXG9,segment,Transmembrane,3.0,21,,,0
Q8WXG9,segment,Transmembrane,4.0,21,,,0
Q8WXG9,segment,Transmembrane,5.0,21,,,0
Q8WXG9,segment,Transmembrane,6.0,21,,,0
P11362,segment,Transmembrane,0.0,21,,,0
Q8NC56,segment,Transmembrane,0.0,21,,,0
Q8NC56,segment,Transmembrane,1.0,21,,,0
P40967,segment,Transmembrane,0.0,21,,,0
P07766,segment,Transmembrane,0.0,26,0.0,0.0,2
P20963,segment,Transmembrane,0.0,21,,,0
P04626,segment,Transmembrane,0.0,23,,,0
O75460,segment,Transmembrane,0.0,21,,,0
P35968,segment,Transmembrane,0.0,21,,,0
Q12879,segment,Transmembrane,0.0,20,,,0
Q12879,segment,Transmembrane,1.0,21,,,0
Q12879,segment,Transmembrane,2.0,21,,,0
Q86WV6,segment,Transmembrane,0.0,17,,,0
Q86WV6,segment,Transmembrane,1.0,25,0.0,0.0,1
Q86WV6,segment,Transmembrane,2.0,15,,,0
Q86WV6,segment,Transmembrane,3.0,18,,,0
P07949,segment,Transmembrane,0.0,22,,,0
P08908,segment,Transmembrane,0.0,21,,,0
P08908,segment,Transmembrane,1.0,25,0.0,0.0,1
P08908,segment,Transmembrane,2.0,25,0.0,0.0,1
P08908,segment,Transmembrane,3.0,22,,,0
P08908,segment,Transmembrane,4.0,23,,,0
P08908,segment,Transmembrane,5.0,24,,,0
P08908,segment,Transmembrane,6.0,25,0.0,0.0,1
Q7Z3C6,segment,Transmembrane,0.0,23,,,0
Q7Z3C6,segment,Transmembrane,1.0,26,0.0,0.0,2
Q7Z3C6,segment,Transmembrane,2.0,26,0.0,0.0,2
Q7Z3C6,segment,Transmembrane,3.0,18,,,0
O75581,segment,Transmembrane,0.0,23,,,0
P63027,segment,Transmembrane,0.0,20,,,0
O60733,segment,Transmembrane,0.0,21,,,0
O60733,segment,Transmembrane,1.0,21,,,0
Q04671,segment,Transmembrane,0.0,18,,,0
Q04671,segment,Transmembrane,1.0,17,,,0
Q04671,segment,Transmembrane,2.0,17,,,0
Q04671,segment,Transmembrane,3.0,17,,,0
Q04671,segment,Transmembrane,4.0,17,,,0
Q04671,segment,Transmembrane,5.0,17,,,0
Q04671,segment,Transmembrane,6.0,17,,,0
Q04671,segment,Transmembrane,7.0,17,,,0
Q04671,segment,Transmembrane,8.0,17,,,0
Q04671,segment,Transmembrane,9.0,17,,,0
Q04671,segment,Transmembrane,10.0,17,,,0
Q04671,segment,Transmembrane,11.0,17,,,0
Q14BN4,segment,Transmembrane,0.0,21,,,0
P15529,segment,Transmembrane,0.0,23,,,0
Q8TEM1,segment,Transmembrane,0.0,21,,,0
Q9UJA2,segment,Transmembrane,0.0,21,,,0
Q9UJA2,segment,Transmembrane,1.0,21,,,0
Q9UJA2,segment,Transmembrane,2.0,23,,,0
Q9UJA2,segment,Transmembrane,3.0,21,,,0
Q9UJA2,segment,Transmembrane,4.0,21,,,0
P00533,segment,Transmembrane,0.0,23,,,0
P21802,segment,Transmembrane,0.0,21,,,0
P08247,segment,Transmembrane,0.0,24,,,0
P08247,segment,Transmembrane,1.0,24,,,0
P08247,segment,Transmembrane,2.0,24,,,0
P08247,segment,Transmembrane,3.0,24,,,0
Q14739,segment,Transmembrane,0.0,21,,,0
Q14739,segment,Transmembrane,1.0,21,,,0
Q14739,segment,Transmembrane,2.0,21,,,0
Q14739,segment,Transmembrane,3.0,21,,,0
Q14739,segment,Transmembrane,4.0,21,,,0
Q14739,segment,Transmembrane,5.0,21,,,0
Q14739,segment,Transmembrane,6.0,21,,,0
Q14739,segment,Transmembrane,7.0,21,,,0
P29317,segment,Transmembrane,0.0,21,,,0
P17948,segment,Transmembrane,0.0,22,,,0
P05556,segment,Transmembrane,0.0,23,,,0
P10747,segment,Transmembrane,0.0,27,0.0,0.0,3
P61073,segment,Transmembrane,0.0,25,0.0,0.0,1
P61073,segment,Transmembrane,1.0,22,,,0
P61073,segment,Transmembrane,2.0,20,,,0
P61073,segment,Transmembrane,3.0,20,,,0
P61073,segment,Transmembrane,4.0,21,,,0
P61073,segment,Transmembrane,5.0,20,,,0
P61073,segment,Transmembrane,6.0,20,,,0
Q15303,segment,Transmembrane,0.0,24,,,0
O00254,segment,Transmembrane,0.0,26,0.0,0.0,2
O00254,segment,Transmembrane,1.0,20,,,0
O00254,segment,Transmembrane,2.0,22,,,0
O00254,segment,Transmembrane,3.0,24,,,0
O00254,segment,Transmembrane,4.0,20,,,0
O00254,segment,Transmembrane,5.0,25,0.0,0.0,1
O00254,segment,Transmembrane,6.0,25,0.0,0.0,1
Q9H3U5,segment,Transmembrane,0.0,21,,,0
Q9H3U5,segment,Transmembrane,1.0,21,,,0
Q9H3U5,segment,Transmembrane,2.0,21,,,0
Q9H3U5,segment,Transmembrane,3.0,21,,,0
Q9H3U5,segment,Transmembrane,4.0,22,,,0
Q9H3U5,segment,Transmembrane,5.0,21,,,0
Q9H3U5,segment,Transmembrane,6.0,21,,,0
Q9H3U5,segment,Transmembrane,7.0,21,,,0
Q9H3U5,segment,Transmembrane,8.0,21,,,0
Q9H3U5,segment,Transmembrane,9.0,21,,,0
Q9H3U5,segment,Transmembrane,10.0,21,,,0
Q9H3U5,segment,Transmembrane,11.0,21,,,0
Q9Y624,segment,Transmembrane,0.0,21,,,0
P31645,segment,Transmembrane,0.0,25,0.0,0.0,1
P31645,segment,Transmembrane,1.0,20,,,0
P31645,segment,Transmembrane,2.0,26,0.0,0.0,2
P31645,segment,Transmembrane,3.0,19,,,0
P31645,segment,Transmembrane,4.0,20,,,0
P31645,segment,Transmembrane,5.0,23,,,0
P31645,segment,Transmembrane,6.0,20,,,0
P31645,segment,Transmembrane,7.0,22,,,0
P31645,segment,Transmembrane,8.0,20,,,0
P31645,segment,Transmembrane,9.0,22,,,0
P31645,segment,Transmembrane,10.0,20,,,0
P31645,segment,Transmembrane,11.0,21,,,0
P49146,segment,Transmembrane,0.0,28,0.0,0.0,4
P49146,segment,Transmembrane,1.0,27,0.0,0.0,3
P49146,segment,Transmembrane,2.0,27,0.0,0.0,3
P49146,segment,Transmembrane,3.0,23,,,0
P49146,segment,Transmembrane,4.0,27,0.0,0.0,3
P49146,segment,Transmembrane,5.0,25,0.0,0.0,1
P49146,segment,Transmembrane,6.0,25,0.0,0.0,1
P15954,segment,Transmembrane,0.0,27,0.0,0.0,3
P13569,segment,Transmembrane,0.0,21,,,0
P13569,segment,Transmembrane,1.0,24,,,0
P13569,segment,Transmembrane,2.0,21,,,0
P13569,segment,Transmembrane,3.0,21,,,0
P13569,segment,Transmembrane,4.0,21,,,0
P13569,segment,Transmembrane,5.0,19,,,0
P13569,segment,Transmembrane,6.0,21,,,0
P13569,segment,Transmembrane,7.0,21,,,0
P13569,segment,Transmembrane,8.0,21,,,0
P13569,segment,Transmembrane,9.0,21,,,0
P13569,segment,Transmembrane,10.0,21,,,0
P13569,segment,Transmembrane,11.0,21,,,0
Q9BRQ8,segment,Transmembrane,0.0,21,,,0
Q13021,segment,Transmembrane,0.0,21,,,0
Q13021,segment,Transmembrane,1.0,21,,,0
Q13021,segment,Transmembrane,2.0,21,,,0
Q13021,segment,Transmembrane,3.0,21,,,0
P15941,segment,Extracellular/Lumenal,0.0,1135,0.8590377663645863,954.3909584310555,1111
Q7Z434,segment,Extracellular/Lumenal,0.0,6,,,0
O43561,segment,Extracellular/Lumenal,0.0,4,,,0
P31431,segment,Extracellular/Lumenal,0.0,127,0.017275100298853954,1.7793353307819566,103
O75445,segment,Extracellular/Lumenal,0.0,5011,0.08597881600019923,428.77635539299354,4987
Q9UM73,segment,Extracellular/Lumenal,0.0,1020,0.3851411535454818,383.6005889312999,996
Q9H461,segment,Extracellular/Lumenal,0.0,248,0.457187069290779,102.40990352113448,224
Q9H461,segment,Extracellular/Lumenal,1.0,63,1.4373630623704374,56.05715943244706,39
Q9H461,segment,Extracellular/Lumenal,2.0,23,,,0
Q9H461,segment,Extracellular/Lumenal,3.0,31,0.0,0.0,7
O14763,segment,Extracellular/Lumenal,0.0,155,0.1177266602937391,15.422192498479824,131
P46531,segment,Extracellular/Lumenal,0.0,1717,0.23457112908953953,397.12892154859037,1693
Q8N114,segment,Extracellular/Lumenal,0.0,77,0.019652272699777366,1.0415704530882004,53
Q07065,segment,Extracellular/Lumenal,0.0,475,0.008658050919806173,3.9047809648325837,451
P08172,segment,Extracellular/Lumenal,0.0,20,,,0
P08172,segment,Extracellular/Lumenal,1.0,7,,,0
P08172,segment,Extracellular/Lumenal,2.0,20,,,0
P08172,segment,Extracellular/Lumenal,3.0,7,,,0
Q08345,segment,Extracellular/Lumenal,0.0,397,0.17082495091386943,63.7177066908733,373
O60500,segment,Extracellular/Lumenal,0.0,1032,0.05037268171577044,50.77566316949661,1008
P05067,segment,Extracellular/Lumenal,0.0,684,0.05230112495735596,34.518742471854935,660
Q8WXG9,segment,Extracellular/Lumenal,0.0,5879,0.03608223893752288,211.26150897919646,5855
Q8WXG9,segment,Extracellular/Lumenal,1.0,19,,,0
Q8WXG9,segment,Extracellular/Lumenal,2.0,28,0.0,0.0,4
Q8WXG9,segment,Extracellular/Lumenal,3.0,8,,,0
P11362,segment,Extracellular/Lumenal,0.0,355,0.059622801129872845,19.735147173987915,331
P40967,segment,Extracellular/Lumenal,0.0,126,0.017445937689253184,1.7794856443038247,102
P07766,segment,Extracellular/Lumenal,0.0,104,0.0,0.0,80
P20963,segment,Extracellular/Lumenal,0.0,9,,,0
P04626,segment,Extracellular/Lumenal,0.0,630,0.05528418100309007,33.50221368787258,606
O75460,segment,Extracellular/Lumenal,0.0,425,0.04663613071904297,18.70108841833623,401
P35968,segment,Extracellular/Lumenal,0.0,745,0.018834994225885783,13.58003083686365,721
Q12879,segment,Extracellular/Lumenal,0.0,534,0.0,0.0,510
Q12879,segment,Extracellular/Lumenal,1.0,168,0.16242262537631408,23.388858054189228,144
Q86WV6,segment,Extracellular/Lumenal,0.0,10,,,0
Q86WV6,segment,Extracellular/Lumenal,1.0,10,,,0
P07949,segment,Extracellular/Lumenal,0.0,607,0.12500040808906454,72.87523791592463,583
P08908,segment,Extracellular/Lumenal,0.0,38,2.097028130005107,29.358393820071495,14
P08908,segment,Extracellular/Lumenal,1.0,9,,,0
P08908,segment,Extracellular/Lumenal,2.0,19,,,0
P08908,segment,Extracellular/Lumenal,3.0,8,,,0
P01857,segment,Extracellular/Lumenal,0.0,330,0.0645055082557227,19.738685526251146,306
Q7Z3C6,segment,Extracellular/Lumenal,0.0,44,0.0,0.0,20
Q7Z3C6,segment,Extracellular/Lumenal,1.0,9,,,0
O75581,segment,Extracellular/Lumenal,0.0,1351,0.04042906247029878,53.64936589808649,1327
P63027,segment,Extracellular/Lumenal,0.0,2,,,0
Q04671,segment,Extracellular/Lumenal,0.0,133,0.0008968842924020624,0.09776038787182481,109
Q04671,segment,Extracellular/Lumenal,1.0,14,,,0
Q04671,segment,Extracellular/Lumenal,2.0,73,0.021244380574777323,1.040974648164089,49
Q04671,segment,Extracellular/Lumenal,3.0,10,,,0
Q04671,segment,Extracellular/Lumenal,4.0,24,,,0
Q04671,segment,Extracellular/Lumenal,5.0,40,0.0,0.0,16
Q14BN4,segment,Extracellular/Lumenal,0.0,5,,,0
P15529,segment,Extracellular/Lumenal,0.0,309,0.1149100463724345,32.749363216143834,285
Q8TEM1,segment,Extracellular/Lumenal,0.0,1782,0.03190592946604792,56.09062400131225,1758
P00533,segment,Extracellular/Lumenal,0.0,621,0.07082485281627095,42.282437131313756,597
P21802,segment,Extracellular/Lumenal,0.0,356,0.03765400247138252,12.501128820498998,332
P08247,segment,Extracellular/Lumenal,0.0,57,0.0,0.0,33
P08247,segment,Extracellular/Lumenal,1.0,38,0.0,0.0,14
Q14739,segment,Extracellular/Lumenal,0.0,211,0.03164060765966279,5.916793632356942,187
P29317,segment,Extracellular/Lumenal,0.0,514,0.08630843676200169,42.29113401338082,490
P17948,segment,Extracellular/Lumenal,0.0,732,0.019903012749956473,14.091333026969183,708
P05556,segment,Extracellular/Lumenal,0.0,708,0.12168213030560049,83.23057712903073,684
P10747,segment,Extracellular/Lumenal,0.0,134,0.026421259427939683,2.906338537073365,110
Q16635,segment,Extracellular/Lumenal,0.0,14,,,0
Q16635,segment,Extracellular/Lumenal,1.0,227,0.0,0.0,203
P61073,segment,Extracellular/Lumenal,0.0,38,0.0,0.0,14
P61073,segment,Extracellular/Lumenal,1.0,11,,,0
P61073,segment,Extracellular/Lumenal,2.0,21,,,0
P61073,segment,Extracellular/Lumenal,3.0,21,,,0
Q15303,segment,Extracellular/Lumenal,0.0,626,0.09238088364284955,55.61329195299542,602
O00254,segment,Extracellular/Lumenal,0.0,56,0.0,0.0,32
O00254,segment,Extracellular/Lumenal,1.0,19,,,0
O00254,segment,Extracellular/Lumenal,2.0,30,0.0,0.0,6
O00254,segment,Extracellular/Lumenal,3.0,14,,,0
Q9Y624,segment,Extracellular/Lumenal,0.0,211,0.3452793210796722,64.5672330418987,187
P31645,segment,Extracellular/Lumenal,0.0,3,,,0
P31645,segment,Extracellular/Lumenal,1.0,66,0.0,0.0,42
P31645,segment,Extracellular/Lumenal,2.0,27,0.0,0.0,3
P31645,segment,Extracellular/Lumenal,3.0,41,0.0,0.0,17
P31645,segment,Extracellular/Lumenal,4.0,11,,,0
P31645,segment,Extracellular/Lumenal,5.0,16,,,0
P49146,segment,Extracellular/Lumenal,0.0,45,0.0,0.0,21
P49146,segment,Extracellular/Lumenal,1.0,6,,,0
P49146,segment,Extracellular/Lumenal,2.0,27,0.0,0.0,3
P49146,segment,Extracellular/Lumenal,3.0,9,,,0
P15954,segment,Extracellular/Lumenal,0.0,17,,,0
P15954,segment,Extracellular/Lumenal,1.0,3,,,0
P13569,segment,Extracellular/Lumenal,0.0,24,,,0
P13569,segment,Extracellular/Lumenal,1.0,6,,,0
P13569,segment,Extracellular/Lumenal,2.0,20,,,0
P13569,segment,Extracellular/Lumenal,3.0,39,1.0469058195061334,15.703587292592001,15
P13569,segment,Extracellular/Lumenal,4.0,2,,,0
P13569,segment,Extracellular/Lumenal,5.0,14,,,0
P15941,concatenated,Cytoplasmic,,74,1.470104336537255,73.50521682686275,50
Q7Z434,concatenated,Cytoplasmic,,512,0.33106976975381286,161.56204763986065,488
Q9BR39,concatenated,Cytoplasmic,,674,0.4256094697067214,276.6461553093689,650
O43561,concatenated,Cytoplasmic,,235,0.3915230130177132,82.61135574673749,211
P31431,concatenated,Cytoplasmic,,28,0.0,0.0,4
O75445,concatenated,Cytoplasmic,,139,0.14707703790254775,16.91385935879299,115
Q9UM73,concatenated,Cytoplasmic,,561,0.1194006512465322,64.11814971938779,537
Q9H461,concatenated,Cytoplasmic,,155,1.9215504002670114,251.72310243497856,131
O14763,concatenated,Cytoplasmic,,209,0.11425188515274033,21.136598753256962,185
P46531,concatenated,Cytoplasmic,,799,0.2507917912738868,194.36363823726228,775
Q8N114,concatenated,Cytoplasmic,,114,0.5443553955879605,48.991985602916444,90
Q07065,concatenated,Cytoplasmic,,106,0.8976193124447374,73.60478362046847,82
P08172,concatenated,Cytoplasmic,,239,0.4017281415457316,86.3715504323323,215
Q08345,concatenated,Cytoplasmic,,475,0.07864262084693918,35.46782200196957,451
O60500,concatenated,Cytoplasmic,,166,0.06936197234519696,9.849400073017968,142
P05067,concatenated,Cytoplasmic,,48,0.011641364043656352,0.27939273704775247,24
Q8WXG9,concatenated,Cytoplasmic,,196,0.5858569741331275,100.76739955089793,172
P11362,concatenated,Cytoplasmic,,425,0.06285995359304117,25.206841390809508,401
P40967,concatenated,Cytoplasmic,,45,0.0,0.0,21
P07766,concatenated,Cytoplasmic,,55,0.13657167777735946,4.233722011098143,31
P20963,concatenated,Cytoplasmic,,113,0.20772780144426956,18.48777432853999,89
P04626,concatenated,Cytoplasmic,,580,0.095235083083909,52.95070619465341,556
O75460,concatenated,Cytoplasmic,,513,0.148726458503951,72.72723820843204,489
P35968,concatenated,Cytoplasmic,,571,0.11561957942203296,63.24390994385204,547
Q12879,concatenated,Cytoplasmic,,663,0.20321671964684893,129.85548385433646,639
Q86WV6,concatenated,Cytoplasmic,,284,0.009292752696111361,2.416115700988954,260
P07949,concatenated,Cytoplasmic,,457,0.22049379787189147,95.47381447852901,433
P08908,concatenated,Cytoplasmic,,183,0.15137470832522412,24.068578623710636,159
Q7Z3C6,concatenated,Cytoplasmic,,653,0.13625669513812935,85.70546124188337,629
O75581,concatenated,Cytoplasmic,,220,1.2153542083745559,238.20942484141295,196
P63027,concatenated,Cytoplasmic,,93,0.03425743952051159,2.3637633269153,69
Q04671,concatenated,Cytoplasmic,,339,0.17022445394935312,53.620702994046226,315
Q14BN4,concatenated,Cytoplasmic,,802,0.029758347847266563,23.151994625173387,778
P15529,concatenated,Cytoplasmic,,26,0.0,0.0,2
Q8TEM1,concatenated,Cytoplasmic,,58,0.16935626143902274,5.758112888926774,34
P00533,concatenated,Cytoplasmic,,542,0.10240159535716993,53.04402639501402,518
P21802,concatenated,Cytoplasmic,,423,0.09956175472519814,39.72514013535406,399
P08247,concatenated,Cytoplasmic,,122,1.7718205731470031,173.6384161684063,98
P29317,concatenated,Cytoplasmic,,418,0.013453165217713395,5.300547095779079,394
P17948,concatenated,Cytoplasmic,,558,0.06609637367019584,35.29546353988458,534
P05556,concatenated,Cytoplasmic,,47,0.08658099328486085,1.9913628455517995,23
P10747,concatenated,Cytoplasmic,,41,0.0,0.0,17
P61073,concatenated,Cytoplasmic,,113,0.14112173385946733,12.559834313492592,89
Q15303,concatenated,Cytoplasmic,,633,0.0893332008798372,54.40391933582086,609
O00254,concatenated,Cytoplasmic,,55,0.0,0.0,31
Q9Y624,concatenated,Cytoplasmic,,40,0.05561108023026195,0.8897772836841912,16
P31645,concatenated,Cytoplasmic,,208,0.27027173700468915,49.729999608862805,184
P49146,concatenated,Cytoplasmic,,112,0.020633912638566034,1.815784312193811,88
P13569,concatenated,Cytoplasmic,,1122,0.03382785840252433,37.14298852597171,1098
Q03135,concatenated,Cytoplasmic,,156,0.006705830600052033,0.8851696392068683,132
P15941,concatenated,Transmembrane,,23,,,0
Q7Z434,concatenated,Transmembrane,,21,,,0
Q9BR39,concatenated,Transmembrane,,21,,,0
O43561,concatenated,Transmembrane,,23,,,0
P31431,concatenated,Transmembrane,,25,0.0,0.0,1
O75445,concatenated,Transmembrane,,21,,,0
Q9UM73,concatenated,Transmembrane,,21,,,0
Q9H461,concatenated,Transmembrane,,147,0.0,0.0,123
O14763,concatenated,Transmembrane,,21,,,0
P46531,concatenated,Transmembrane,,21,,,0
Q8N114,concatenated,Transmembrane,,21,,,0
Q07065,concatenated,Transmembrane,,21,,,0
P08172,concatenated,Transmembrane,,173,0.0,0.0,149
Q08345,concatenated,Transmembrane,,21,,,0
O60500,concatenated,Transmembrane,,21,,,0
P05067,concatenated,Transmembrane,,21,,,0
Q8WXG9,concatenated,Transmembrane,,147,0.0,0.0,123
P11362,concatenated,Transmembrane,,21,,,0
Q8NC56,concatenated,Transmembrane,,42,0.0,0.0,18
P40967,concatenated,Transmembrane,,21,,,0
P07766,concatenated,Transmembrane,,26,0.0,0.0,2
P20963,concatenated,Transmembrane,,21,,,0
P04626,concatenated,Transmembrane,,23,,,0
O75460,concatenated,Transmembrane,,21,,,0
P35968,concatenated,Transmembrane,,21,,,0
Q12879,concatenated,Transmembrane,,62,0.0,0.0,38
Q86WV6,concatenated,Transmembrane,,75,0.0,0.0,51
P07949,concatenated,Transmembrane,,22,,,0
P08908,concatenated,Transmembrane,,165,0.0,0.0,141
Q7Z3C6,concatenated,Transmembrane,,93,0.0,0.0,69
O75581,concatenated,Transmembrane,,23,,,0
P63027,concatenated,Transmembrane,,20,,,0
O60733,concatenated,Transmembrane,,42,0.0,0.0,18
Q04671,concatenated,Transmembrane,,205,0.0,0.0,181
Q14BN4,concatenated,Transmembrane,,21,,,0
P15529,concatenated,Transmembrane,,23,,,0
Q8TEM1,concatenated,Transmembrane,,21,,,0
Q9UJA2,concatenated,Transmembrane,,107,0.0,0.0,83
P00533,concatenated,Transmembrane,,23,,,0
P21802,concatenated,Transmembrane,,21,,,0
P08247,concatenated,Transmembrane,,96,0.0,0.0,72
Q14739,concatenated,Transmembrane,,168,0.0,0.0,144
P29317,concatenated,Transmembrane,,21,,,0
P17948,concatenated,Transmembrane,,22,,,0
P05556,concatenated,Transmembrane,,23,,,0
P10747,concatenated,Transmembrane,,27,0.0,0.0,3
P61073,concatenated,Transmembrane,,148,0.0,0.0,124
Q15303,concatenated,Transmembrane,,24,,,0
O00254,concatenated,Transmembrane,,162,0.0,0.0,138
Q9H3U5,concatenated,Transmembrane,,253,0.0,0.0,229
Q9Y624,concatenated,Transmembrane,,21,,,0
P31645,concatenated,Transmembrane,,258,0.0,0.0,234
P49146,concatenated,Transmembrane,,182,0.0,0.0,158
P15954,concatenated,Transmembrane,,27,0.0,0.0,3
P13569,concatenated,Transmembrane,,253,0.0,0.0,229
Q9BRQ8,concatenated,Transmembrane,,21,,,0
Q13021,concatenated,Transmembrane,,84,0.0,0.0,60
P15941,concatenated,Extracellular/Lumenal,,1135,0.8590377663645863,954.3909584310555,1111
Q7Z434,concatenated,Extracellular/Lumenal,,6,,,0
O43561,concatenated,Extracellular/Lumenal,,4,,,0
P31431,concatenated,Extracellular/Lumenal,,127,0.017275100298853954,1.7793353307819566,103
O75445,concatenated,Extracellular/Lumenal,,5011,0.08597881600019923,428.77635539299354,4987
Q9UM73,concatenated,Extracellular/Lumenal,,1020,0.3851411535454818,383.6005889312999,996
Q9H461,concatenated,Extracellular/Lumenal,,365,0.5294944871730246,180.55762012600138,341
O14763,concatenated,Extracellular/Lumenal,,155,0.1177266602937391,15.422192498479824,131
P46531,concatenated,Extracellular/Lumenal,,1717,0.23457112908953953,397.12892154859037,1693
Q8N114,concatenated,Extracellular/Lumenal,,77,0.019652272699777366,1.0415704530882004,53
Q07065,concatenated,Extracellular/Lumenal,,475,0.008658050919806173,3.9047809648325837,451
P08172,concatenated,Extracellular/Lumenal,,54,0.08283433266534919,2.485029979960476,30
Q08345,concatenated,Extracellular/Lumenal,,397,0.17082495091386943,63.7177066908733,373
O60500,concatenated,Extracellular/Lumenal,,1032,0.05037268171577044,50.77566316949661,1008
P05067,concatenated,Extracellular/Lumenal,,684,0.05230112495735596,34.518742471854935,660
Q8WXG9,concatenated,Extracellular/Lumenal,,5934,0.03574644821983019,211.26150897919644,5910
P11362,concatenated,Extracellular/Lumenal,,355,0.059622801129872845,19.735147173987915,331
P40967,concatenated,Extracellular/Lumenal,,126,0.017445937689253184,1.7794856443038247,102
P07766,concatenated,Extracellular/Lumenal,,104,0.0,0.0,80
P20963,concatenated,Extracellular/Lumenal,,9,,,0
P04626,concatenated,Extracellular/Lumenal,,630,0.05528418100309007,33.50221368787258,606
O75460,concatenated,Extracellular/Lumenal,,425,0.04663613071904297,18.70108841833623,401
P35968,concatenated,Extracellular/Lumenal,,745,0.018834994225885783,13.58003083686365,721
Q12879,concatenated,Extracellular/Lumenal,,702,0.03449684078789321,23.388858054191594,678
Q86WV6,concatenated,Extracellular/Lumenal,,20,,,0
P07949,concatenated,Extracellular/Lumenal,,607,0.12500040808906454,72.87523791592463,583
P08908,concatenated,Extracellular/Lumenal,,74,0.6187338193983308,30.93669096991654,50
P01857,concatenated,Extracellular/Lumenal,,330,0.0645055082557227,19.738685526251146,306
Q7Z3C6,concatenated,Extracellular/Lumenal,,53,0.0,0.0,29
O75581,concatenated,Extracellular/Lumenal,,1351,0.04042906247029878,53.64936589808649,1327
P63027,concatenated,Extracellular/Lumenal,,2,,,0
Q04671,concatenated,Extracellular/Lumenal,,294,0.00421753717050325,1.1387350360358774,270
Q14BN4,concatenated,Extracellular/Lumenal,,5,,,0
P15529,concatenated,Extracellular/Lumenal,,309,0.1149100463724345,32.749363216143834,285
Q8TEM1,concatenated,Extracellular/Lumenal,,1782,0.03190592946604792,56.09062400131225,1758
P00533,concatenated,Extracellular/Lumenal,,621,0.07082485281627095,42.282437131313756,597
P21802,concatenated,Extracellular/Lumenal,,356,0.03765400247138252,12.501128820498998,332
P08247,concatenated,Extracellular/Lumenal,,95,0.0,0.0,71
Q14739,concatenated,Extracellular/Lumenal,,211,0.03164060765966279,5.916793632356942,187
P29317,concatenated,Extracellular/Lumenal,,514,0.08630843676200169,42.29113401338082,490
P17948,concatenated,Extracellular/Lumenal,,732,0.019903012749956473,14.091333026969183,708
P05556,concatenated,Extracellular/Lumenal,,708,0.12168213030560049,83.23057712903073,684
P10747,concatenated,Extracellular/Lumenal,,134,0.026421259427939683,2.906338537073365,110
Q16635,concatenated,Extracellular/Lumenal,,241,0.0,0.0,217
P61073,concatenated,Extracellular/Lumenal,,91,0.0012503723876531889,0.08377494997276365,67
Q15303,concatenated,Extracellular/Lumenal,,626,0.09238088364284955,55.61329195299542,602
O00254,concatenated,Extracellular/Lumenal,,119,0.009121370086427315,0.8665301582105949,95
Q9Y624,concatenated,Extracellular/Lumenal,,211,0.3452793210796722,64.5672330418987,187
P31645,concatenated,Extracellular/Lumenal,,164,0.0,0.0,140
P49146,concatenated,Extracellular/Lumenal,,87,0.0,0.0,63
P15954,concatenated,Extracellular/Lumenal,,20,,,0
P13569,concatenated,Extracellular/Lumenal,,105,0.2195113130767409,17.780416359216012,81
P15941,whole,Whole,,1255,0.8512405659660605,1047.8771367042202,1231
Q7Z434,whole,Whole,,540,0.3131047434881014,161.5620476398603,516
Q9BR39,whole,Whole,,696,0.4116758263532275,276.6461553093689,672
O43561,whole,Whole,,262,0.34710653675099484,82.61135574673678,238
P31431,whole,Whole,,198,0.013165906848261646,2.2908677915975266,174
O75445,whole,Whole,,5202,0.08607381513167116,445.6902147517933,5178
Q9UM73,whole,Whole,,1620,0.2879549793966351,459.5761471170296,1596
Q9H461,whole,Whole,,694,0.6299164088204496,422.04399390970127,670
O14763,whole,Whole,,440,0.08863336773130095,36.8714809762212,416
P46531,whole,Whole,,2555,0.23502659537588996,594.8523128963775,2531
Q8N114,whole,Whole,,240,0.24991859022600874,53.982415488817885,216
Q07065,whole,Whole,,602,0.13409959270813213,77.50956458530037,578
P08172,whole,Whole,,466,0.19541074758447752,86.37155043233906,442
Q08345,whole,Whole,,913,0.11382030690880525,101.18625284192787,889
O60500,whole,Whole,,1241,0.04981517111134589,60.62506324250795,1217
P05067,whole,Whole,,770,0.04664629384571386,34.798135208902536,746
Q8WXG9,whole,Whole,,6306,0.049570150609177986,311.3996861268561,6282
P11362,whole,Whole,,822,0.056318281409519194,44.94198856479632,798
Q8NC56,whole,Whole,,503,0.05900656132177411,28.2641428731298,479
P40967,whole,Whole,,661,0.08304548426326712,52.899973475701145,637
P07766,whole,Whole,,207,0.0858543231873958,15.711341143293433,183
P20963,whole,Whole,,164,0.13205553091814431,18.487774328540205,140
P04626,whole,Whole,,1255,0.07269303150010809,89.48512177663305,1231
O75460,whole,Whole,,977,0.09593738365872478,91.42832662676472,953
P35968,whole,Whole,,1356,0.057675631216745744,76.82394078070531,1332
Q12879,whole,Whole,,1464,0.10373645898830483,149.38050094315895,1440
Q86WV6,whole,Whole,,379,0.006805959721095997,2.416115700989079,355
P07949,whole,Whole,,1114,0.15444867192151063,168.34905239444657,1090
P08908,whole,Whole,,422,0.14932820078059958,59.432623910678636,398
P01857,whole,Whole,,330,0.0645055082557227,19.738685526251146,306
Q7Z3C6,whole,Whole,,839,0.1051600751434172,85.70546124188502,815
O75581,whole,Whole,,1613,0.18367450644395514,291.85879073944466,1589
P63027,whole,Whole,,116,0.02569307964038343,2.363763326915276,92
O60733,whole,Whole,,806,0.017424733103857514,13.626141287216576,782
Q04671,whole,Whole,,838,0.06727203689199293,54.759438030082244,814
Q14BN4,whole,Whole,,828,0.028796013215389785,23.151994625173387,804
P15529,whole,Whole,,392,0.08967296212477828,32.99965006191841,368
Q8TEM1,whole,Whole,,1887,0.03323801770042761,61.92242697589665,1863
Q9UJA2,whole,Whole,,301,0.017814810010505687,4.934702372910075,277
P00533,whole,Whole,,1210,0.0986558748763358,117.00586760333425,1186
P21802,whole,Whole,,821,0.06552856832603902,52.2262689558531,797
P08247,whole,Whole,,313,0.6137478771315739,177.37313649102484,289
Q14739,whole,Whole,,615,0.010011495147812084,5.916793632356942,591
P29317,whole,Whole,,976,0.05391730484891998,51.329274216171825,952
P17948,whole,Whole,,1338,0.04137097884651984,54.36146620432707,1314
P05556,whole,Whole,,798,0.11085990977605346,85.80557016666538,774
P10747,whole,Whole,,220,0.014828257842211296,2.906338537073414,196
Q16635,whole,Whole,,262,0.0,0.0,238
P61073,whole,Whole,,352,0.0382921777850412,12.559834313493514,328
Q15303,whole,Whole,,1308,0.09042663925046861,116.10780479760169,1284
O00254,whole,Whole,,374,0.009113797382012618,3.1898290837044163,350
Q9H3U5,whole,Whole,,465,0.0004269158657565092,0.18826989679862058,441
Q9Y624,whole,Whole,,299,0.23889752940783943,65.69682058715584,275
P31645,whole,Whole,,630,0.0743317499028718,45.04504044114031,606
P49146,whole,Whole,,381,0.0,0.0,357
P15954,whole,Whole,,63,0.05073085034404881,1.9785031634179036,39
P13569,whole,Whole,,1480,0.03622220296464093,52.7395275165172,1456
Q9BRQ8,whole,Whole,,373,0.008346799867204066,2.9130331536542187,349
Q03135,whole,Whole,,178,0.005747854800044599,0.8851696392068683,154
Q13021,whole,Whole,,153,8.409047272897259e-05,0.010847670982037464,129
