stringId_A,stringId_B,preferredName_A,preferredName_B,ncbiTaxonId,score,nscore,fscore,pscore,ascore,escore,dscore,tscore,combined_score,score_normalized,protein,partner,pllps_1,pllps_2,protein_name,partner_name
9606.ENSP00000005284,9606.ENSP00000320025,CACNG3,CACNB2,9606,0.72,0,0,0,0,0.0,0.72,0.0,720.0,0.72,O60359,Q08289,0.64,0.99,CACNG3,CACNB2
9606.ENSP00000005284,9606.ENSP00000300105,CACNG3,CACNG2,9606,0.72,0,0,0,0,0.0,0.72,0.0,720.0,0.72,O60359,Q9Y698,0.64,0.62,CACNG3,CACNG2
9606.ENSP00000005284,9606.ENSP00000293190,CACNG3,GRIN2C,9606,0.72,0,0,0,0,0.0,0.72,0.0,720.0,0.72,O60359,Q14957,0.64,0.82,CACNG3,GRIN2C
9606.ENSP00000005284,9606.ENSP00000234389,CACNG3,GRIN3B,9606,0.72,0,0,0,0,0.0,0.72,0.0,720.0,0.72,O60359,O60391,0.64,0.76,CACNG3,GRIN3B
9606.ENSP00000005284,9606.ENSP00000477455,CACNG3,GRIN2B,9606,0.72,0,0,0,0,0.0,0.72,0.0,720.0,0.72,O60359,Q13224,0.64,0.87,CACNG3,GRIN2B
9606.ENSP00000005284,9606.ENSP00000263269,CACNG3,GRIN2D,9606,0.72,0,0,0,0,0.0,0.72,0.0,720.0,0.72,O60359,O15399,0.64,0.99,CACNG3,GRIN2D
9606.ENSP00000005284,9606.ENSP00000352608,CACNG3,RYR1,9606,0.72,0,0,0,0,0.0,0.72,0.0,720.0,0.72,O60359,P21817,0.64,1.0,CACNG3,RYR1
9606.ENSP00000005284,9606.ENSP00000329200,CACNG3,STAC3,9606,0.72,0,0,0,0,0.0,0.72,0.0,720.0,0.72,O60359,Q96MF2,0.64,0.92,CACNG3,STAC3
9606.ENSP00000005284,9606.ENSP00000334198,CACNG3,CACNA1H,9606,0.723,0,0,0,0,0.0,0.72,0.052,723.0,0.723,O60359,O95180,0.64,1.0,CACNG3,CACNA1H
9606.ENSP00000005284,9606.ENSP00000309052,CACNG3,CATSPER1,9606,0.723,0,0,0,0,0.0,0.72,0.052,723.0,0.723,O60359,Q8NEC5,0.64,0.99,CACNG3,CATSPER1
9606.ENSP00000005284,9606.ENSP00000481554,CACNG3,GRIA3,9606,0.76,0,0,0,0,0.181,0.72,0.0,760.0,0.76,O60359,P42263,0.64,0.56,CACNG3,GRIA3
9606.ENSP00000005284,9606.ENSP00000428994,CACNG3,GRIA1,9606,0.76,0,0,0,0,0.181,0.72,0.0,760.0,0.76,O60359,P42261,0.64,0.65,CACNG3,GRIA1
9606.ENSP00000005284,9606.ENSP00000270458,CACNG3,CACNG8,9606,0.9,0,0,0,0,0.0,0.9,0.0,900.0,0.9,O60359,Q8WXS5,0.64,1.0,CACNG3,CACNG8
9606.ENSP00000005284,9606.ENSP00000438949,CACNG3,CACNB4,9606,0.9,0,0,0,0,0.0,0.9,0.0,900.0,0.9,O60359,O00305,0.64,0.98,CACNG3,CACNB4
9606.ENSP00000005284,9606.ENSP00000301050,CACNG3,CACNB3,9606,0.9,0,0,0,0,0.0,0.9,0.0,900.0,0.9,O60359,P54284,0.64,0.88,CACNG3,CACNB3
9606.ENSP00000005284,9606.ENSP00000288139,CACNG3,CACNA1D,9606,0.9,0,0,0,0,0.0,0.9,0.0,900.0,0.9,O60359,Q01668,0.64,0.92,CACNG3,CACNA1D
9606.ENSP00000005284,9606.ENSP00000266376,CACNG3,CACNA1C,9606,0.9,0,0,0,0,0.0,0.9,0.0,900.0,0.9,O60359,Q13936,0.64,0.99,CACNG3,CACNA1C
9606.ENSP00000005284,9606.ENSP00000262138,CACNG3,CACNG4,9606,0.9,0,0,0,0,0.0,0.9,0.0,900.0,0.9,O60359,Q9UBN1,0.64,0.75,CACNG3,CACNG4
9606.ENSP00000005284,9606.ENSP00000365441,CACNG3,CACNA1F,9606,0.9,0,0,0,0,0.0,0.9,0.045,900.0,0.9,O60359,O60840,0.64,0.94,CACNG3,CACNA1F
9606.ENSP00000155840,9606.ENSP00000373648,KCNQ1,KCNQ3,9606,0.9,0,0,0,0,0.0,0.9,0.0,900.0,0.9,P51787,O43525,0.68,0.99,KCNQ1,KCNQ3
9606.ENSP00000155840,9606.ENSP00000352527,KCNQ1,KCNK5,9606,0.9,0,0,0,0,0.0,0.9,0.0,900.0,0.9,P51787,O95279,0.68,0.73,KCNQ1,KCNK5
9606.ENSP00000155840,9606.ENSP00000352035,KCNQ1,KCNQ2,9606,0.935,0,0,0,0,0.292,0.9,0.157,935.0,0.935,P51787,O43526,0.68,0.98,KCNQ1,KCNQ2
9606.ENSP00000155840,9606.ENSP00000345055,KCNQ1,KCNQ5,9606,0.958,0,0,0,0,0.0,0.9,0.605,958.0,0.958,P51787,Q9NR82,0.68,0.91,KCNQ1,KCNQ5
9606.ENSP00000218176,9606.ENSP00000319591,KCND1,KCND3,9606,0.748,0,0,0,0,0.0,0.4,0.598,748.0,0.748,Q9NSA2,Q9UK17,0.88,0.65,KCND1,KCND3
9606.ENSP00000234389,9606.ENSP00000428994,GRIN3B,GRIA1,9606,0.72,0,0,0,0,0.0,0.72,0.0,720.0,0.72,O60391,P42261,0.76,0.65,GRIN3B,GRIA1
9606.ENSP00000234389,9606.ENSP00000300105,GRIN3B,CACNG2,9606,0.72,0,0,0,0,0.0,0.72,0.0,720.0,0.72,O60391,Q9Y698,0.76,0.62,GRIN3B,CACNG2
9606.ENSP00000234389,9606.ENSP00000270458,GRIN3B,CACNG8,9606,0.72,0,0,0,0,0.0,0.72,0.0,720.0,0.72,O60391,Q8WXS5,0.76,1.0,GRIN3B,CACNG8
9606.ENSP00000234389,9606.ENSP00000481554,GRIN3B,GRIA3,9606,0.72,0,0,0,0,0.0,0.72,0.0,720.0,0.72,O60391,P42263,0.76,0.56,GRIN3B,GRIA3
9606.ENSP00000234389,9606.ENSP00000262138,GRIN3B,CACNG4,9606,0.72,0,0,0,0,0.0,0.72,0.0,720.0,0.72,O60391,Q9UBN1,0.76,0.75,GRIN3B,CACNG4
9606.ENSP00000234389,9606.ENSP00000293190,GRIN3B,GRIN2C,9606,0.993,0,0,0,0,0.0,0.72,0.978,993.0,0.993,O60391,Q14957,0.76,0.82,GRIN3B,GRIN2C
9606.ENSP00000234389,9606.ENSP00000263269,GRIN3B,GRIN2D,9606,0.994,0,0,0,0,0.0,0.72,0.982,994.0,0.994,O60391,O15399,0.76,0.99,GRIN3B,GRIN2D
9606.ENSP00000234389,9606.ENSP00000477455,GRIN3B,GRIN2B,9606,0.995,0,0,0,0,0.0,0.8,0.978,995.0,0.995,O60391,Q13224,0.76,0.87,GRIN3B,GRIN2B
9606.ENSP00000237596,9606.ENSP00000262304,PKD2,PKD1,9606,0.999,0,0,0,0,0.967,0.54,0.987,999.0,0.999,Q13563,P98161,0.82,0.98,PKD2,PKD1
9606.ENSP00000252321,9606.ENSP00000487785,KCNA5,KCNA2,9606,0.966,0,0,0,0,0.457,0.0,0.94,966.0,0.966,P22460,P16389,0.94,0.61,KCNA5,KCNA2
9606.ENSP00000252826,9606.ENSP00000353292,TRPM4,SCNN1A,9606,0.72,0,0,0,0,0.0,0.72,0.0,720.0,0.72,Q8TD43,P37088,0.68,0.69,TRPM4,SCNN1A
9606.ENSP00000252826,9606.ENSP00000368411,TRPM4,SCNN1D,9606,0.72,0,0,0,0,0.0,0.72,0.0,720.0,0.72,Q8TD43,P51172,0.68,0.75,TRPM4,SCNN1D
9606.ENSP00000255380,9606.ENSP00000372750,CHRM3,CHRM5,9606,0.929,0,0,0,0,0.322,0.9,0.0,929.0,0.929,P20309,P08912,0.68,0.74,CHRM3,CHRM5
9606.ENSP00000256339,9606.ENSP00000391088,UNC79,UNC80,9606,0.998,0,0,0,0,0.902,0.8,0.949,998.0,0.998,Q9P2D8,Q8N2C7,0.95,1.0,UNC79,UNC80
9606.ENSP00000261917,9606.ENSP00000307342,HCN4,HCN1,9606,0.856,0,0,0,0,0.457,0.72,0.135,856.0,0.856,Q9Y3Q4,O60741,1.0,0.83,HCN4,HCN1
9606.ENSP00000262138,9606.ENSP00000352608,CACNG4,RYR1,9606,0.72,0,0,0,0,0.0,0.72,0.0,720.0,0.72,Q9UBN1,P21817,0.75,1.0,CACNG4,RYR1
9606.ENSP00000262138,9606.ENSP00000320025,CACNG4,CACNB2,9606,0.72,0,0,0,0,0.0,0.72,0.0,720.0,0.72,Q9UBN1,Q08289,0.75,0.99,CACNG4,CACNB2
9606.ENSP00000262138,9606.ENSP00000293190,CACNG4,GRIN2C,9606,0.72,0,0,0,0,0.0,0.72,0.0,720.0,0.72,Q9UBN1,Q14957,0.75,0.82,CACNG4,GRIN2C
9606.ENSP00000262138,9606.ENSP00000477455,CACNG4,GRIN2B,9606,0.72,0,0,0,0,0.0,0.72,0.0,720.0,0.72,Q9UBN1,Q13224,0.75,0.87,CACNG4,GRIN2B
9606.ENSP00000262138,9606.ENSP00000263269,CACNG4,GRIN2D,9606,0.72,0,0,0,0,0.0,0.72,0.0,720.0,0.72,Q9UBN1,O15399,0.75,0.99,CACNG4,GRIN2D
9606.ENSP00000262138,9606.ENSP00000329200,CACNG4,STAC3,9606,0.72,0,0,0,0,0.0,0.72,0.0,720.0,0.72,Q9UBN1,Q96MF2,0.75,0.92,CACNG4,STAC3
9606.ENSP00000262138,9606.ENSP00000300105,CACNG4,CACNG2,9606,0.72,0,0,0,0,0.0,0.72,0.0,720.0,0.72,Q9UBN1,Q9Y698,0.75,0.62,CACNG4,CACNG2
9606.ENSP00000262138,9606.ENSP00000309052,CACNG4,CATSPER1,9606,0.723,0,0,0,0,0.0,0.72,0.052,723.0,0.723,Q9UBN1,Q8NEC5,0.75,0.99,CACNG4,CATSPER1
9606.ENSP00000262138,9606.ENSP00000334198,CACNG4,CACNA1H,9606,0.724,0,0,0,0,0.0,0.72,0.057,724.0,0.724,Q9UBN1,O95180,0.75,1.0,CACNG4,CACNA1H
9606.ENSP00000262138,9606.ENSP00000352011,CACNG4,CACNA1G,9606,0.724,0,0,0,0,0.0,0.54,0.424,724.0,0.724,Q9UBN1,O43497,0.75,1.0,CACNG4,CACNA1G
9606.ENSP00000262138,9606.ENSP00000481554,CACNG4,GRIA3,9606,0.76,0,0,0,0,0.181,0.72,0.0,760.0,0.76,Q9UBN1,P42263,0.75,0.56,CACNG4,GRIA3
9606.ENSP00000262138,9606.ENSP00000428994,CACNG4,GRIA1,9606,0.76,0,0,0,0,0.181,0.72,0.0,760.0,0.76,Q9UBN1,P42261,0.75,0.65,CACNG4,GRIA1
9606.ENSP00000262138,9606.ENSP00000356545,CACNG4,CACNA1E,9606,0.896,0,0,0,0,0.0,0.8,0.503,896.0,0.896,Q9UBN1,Q15878,0.75,0.97,CACNG4,CACNA1E
9606.ENSP00000262138,9606.ENSP00000365441,CACNG4,CACNA1F,9606,0.9,0,0,0,0,0.0,0.9,0.045,900.0,0.9,Q9UBN1,O60840,0.75,0.94,CACNG4,CACNA1F
9606.ENSP00000262138,9606.ENSP00000270458,CACNG4,CACNG8,9606,0.9,0,0,0,0,0.0,0.9,0.0,900.0,0.9,Q9UBN1,Q8WXS5,0.75,1.0,CACNG4,CACNG8
9606.ENSP00000262138,9606.ENSP00000438949,CACNG4,CACNB4,9606,0.9,0,0,0,0,0.0,0.9,0.0,900.0,0.9,Q9UBN1,O00305,0.75,0.98,CACNG4,CACNB4
9606.ENSP00000262138,9606.ENSP00000266376,CACNG4,CACNA1C,9606,0.908,0,0,0,0,0.0,0.9,0.118,908.0,0.908,Q9UBN1,Q13936,0.75,0.99,CACNG4,CACNA1C
9606.ENSP00000262138,9606.ENSP00000301050,CACNG4,CACNB3,9606,0.917,0,0,0,0,0.0,0.9,0.211,917.0,0.917,Q9UBN1,P54284,0.75,0.88,CACNG4,CACNB3
9606.ENSP00000262138,9606.ENSP00000288139,CACNG4,CACNA1D,9606,0.953,0,0,0,0,0.0,0.9,0.55,953.0,0.953,Q9UBN1,Q01668,0.75,0.92,CACNG4,CACNA1D
9606.ENSP00000262186,9606.ENSP00000463533,KCNH2,KCNH6,9606,0.8,0,0,0,0,0.8,0.0,0.0,800.0,0.8,Q12809,Q9H252,0.96,0.57,KCNH2,KCNH6
9606.ENSP00000263269,9606.ENSP00000428994,GRIN2D,GRIA1,9606,0.72,0,0,0,0,0.0,0.72,0.0,720.0,0.72,O15399,P42261,0.99,0.65,GRIN2D,GRIA1
9606.ENSP00000263269,9606.ENSP00000270458,GRIN2D,CACNG8,9606,0.72,0,0,0,0,0.0,0.72,0.0,720.0,0.72,O15399,Q8WXS5,0.99,1.0,GRIN2D,CACNG8
9606.ENSP00000263269,9606.ENSP00000300105,GRIN2D,CACNG2,9606,0.72,0,0,0,0,0.0,0.72,0.0,720.0,0.72,O15399,Q9Y698,0.99,0.62,GRIN2D,CACNG2
9606.ENSP00000263269,9606.ENSP00000481554,GRIN2D,GRIA3,9606,0.72,0,0,0,0,0.0,0.72,0.0,720.0,0.72,O15399,P42263,0.99,0.56,GRIN2D,GRIA3
9606.ENSP00000263269,9606.ENSP00000293190,GRIN2D,GRIN2C,9606,0.998,0,0,0,0,0.0,0.9,0.982,998.0,0.998,O15399,Q14957,0.99,0.82,GRIN2D,GRIN2C
9606.ENSP00000263269,9606.ENSP00000477455,GRIN2D,GRIN2B,9606,0.998,0,0,0,0,0.0,0.9,0.982,998.0,0.998,O15399,Q13224,0.99,0.87,GRIN2D,GRIN2B
9606.ENSP00000265729,9606.ENSP00000355533,SRI,RYR2,9606,0.93,0,0,0,0,0.457,0.0,0.878,930.0,0.93,P30626,Q92736,0.55,0.86,SRI,RYR2
9606.ENSP00000266376,9606.ENSP00000300105,CACNA1C,CACNG2,9606,0.72,0,0,0,0,0.0,0.72,0.0,720.0,0.72,Q13936,Q9Y698,0.99,0.62,CACNA1C,CACNG2
9606.ENSP00000266376,9606.ENSP00000329200,CACNA1C,STAC3,9606,0.72,0,0,0,0,0.0,0.72,0.0,720.0,0.72,Q13936,Q96MF2,0.99,0.92,CACNA1C,STAC3
9606.ENSP00000266376,9606.ENSP00000309052,CACNA1C,CATSPER1,9606,0.731,0,0,0,0,0.08,0.72,0.0,731.0,0.731,Q13936,Q8NEC5,0.99,0.99,CACNA1C,CATSPER1
9606.ENSP00000266376,9606.ENSP00000334198,CACNA1C,CACNA1H,9606,0.843,0,0,0,0,0.08,0.72,0.44,843.0,0.843,Q13936,O95180,0.99,1.0,CACNA1C,CACNA1H
9606.ENSP00000266376,9606.ENSP00000352608,CACNA1C,RYR1,9606,0.853,0,0,0,0,0.0,0.72,0.497,853.0,0.853,Q13936,P21817,0.99,1.0,CACNA1C,RYR1
9606.ENSP00000266376,9606.ENSP00000377840,CACNA1C,CACNB1,9606,0.855,0,0,0,0,0.541,0.54,0.368,855.0,0.855,Q13936,Q02641,0.99,0.98,CACNA1C,CACNB1
9606.ENSP00000266376,9606.ENSP00000355533,CACNA1C,RYR2,9606,0.88,0,0,0,0,0.292,0.0,0.838,880.0,0.88,Q13936,Q92736,0.99,0.86,CACNA1C,RYR2
9606.ENSP00000266376,9606.ENSP00000270458,CACNA1C,CACNG8,9606,0.9,0,0,0,0,0.0,0.9,0.0,900.0,0.9,Q13936,Q8WXS5,0.99,1.0,CACNA1C,CACNG8
9606.ENSP00000266376,9606.ENSP00000438949,CACNA1C,CACNB4,9606,0.922,0,0,0,0,0.252,0.9,0.0,922.0,0.922,Q13936,O00305,0.99,0.98,CACNA1C,CACNB4
9606.ENSP00000266376,9606.ENSP00000489829,CACNA1C,CACNA1A,9606,0.927,0,0,0,0,0.0,0.9,0.308,927.0,0.927,Q13936,O00555,0.99,0.98,CACNA1C,CACNA1A
9606.ENSP00000266376,9606.ENSP00000288139,CACNA1C,CACNA1D,9606,0.973,0,0,0,0,0.355,0.9,0.628,973.0,0.973,Q13936,Q01668,0.99,0.92,CACNA1C,CACNA1D
9606.ENSP00000266376,9606.ENSP00000365441,CACNA1C,CACNA1F,9606,0.977,0,0,0,0,0.0,0.9,0.781,977.0,0.977,Q13936,O60840,0.99,0.94,CACNA1C,CACNA1F
9606.ENSP00000266376,9606.ENSP00000301050,CACNA1C,CACNB3,9606,0.977,0,0,0,0,0.746,0.9,0.176,977.0,0.977,Q13936,P54284,0.99,0.88,CACNA1C,CACNB3
9606.ENSP00000266376,9606.ENSP00000320025,CACNA1C,CACNB2,9606,0.982,0,0,0,0,0.641,0.72,0.836,982.0,0.982,Q13936,Q08289,0.99,0.99,CACNA1C,CACNB2
9606.ENSP00000270458,9606.ENSP00000329200,CACNG8,STAC3,9606,0.72,0,0,0,0,0.0,0.72,0.0,720.0,0.72,Q8WXS5,Q96MF2,1.0,0.92,CACNG8,STAC3
9606.ENSP00000270458,9606.ENSP00000300105,CACNG8,CACNG2,9606,0.72,0,0,0,0,0.0,0.72,0.0,720.0,0.72,Q8WXS5,Q9Y698,1.0,0.62,CACNG8,CACNG2
9606.ENSP00000270458,9606.ENSP00000352608,CACNG8,RYR1,9606,0.72,0,0,0,0,0.0,0.72,0.0,720.0,0.72,Q8WXS5,P21817,1.0,1.0,CACNG8,RYR1
9606.ENSP00000270458,9606.ENSP00000477455,CACNG8,GRIN2B,9606,0.72,0,0,0,0,0.0,0.72,0.0,720.0,0.72,Q8WXS5,Q13224,1.0,0.87,CACNG8,GRIN2B
9606.ENSP00000270458,9606.ENSP00000320025,CACNG8,CACNB2,9606,0.72,0,0,0,0,0.0,0.72,0.0,720.0,0.72,Q8WXS5,Q08289,1.0,0.99,CACNG8,CACNB2
9606.ENSP00000270458,9606.ENSP00000309052,CACNG8,CATSPER1,9606,0.72,0,0,0,0,0.0,0.72,0.0,720.0,0.72,Q8WXS5,Q8NEC5,1.0,0.99,CACNG8,CATSPER1
9606.ENSP00000270458,9606.ENSP00000293190,CACNG8,GRIN2C,9606,0.72,0,0,0,0,0.0,0.72,0.0,720.0,0.72,Q8WXS5,Q14957,1.0,0.82,CACNG8,GRIN2C
9606.ENSP00000270458,9606.ENSP00000334198,CACNG8,CACNA1H,9606,0.72,0,0,0,0,0.0,0.72,0.0,720.0,0.72,Q8WXS5,O95180,1.0,1.0,CACNG8,CACNA1H
9606.ENSP00000270458,9606.ENSP00000481554,CACNG8,GRIA3,9606,0.821,0,0,0,0,0.342,0.72,0.109,821.0,0.821,Q8WXS5,P42263,1.0,0.56,CACNG8,GRIA3
9606.ENSP00000270458,9606.ENSP00000288139,CACNG8,CACNA1D,9606,0.9,0,0,0,0,0.0,0.9,0.0,900.0,0.9,Q8WXS5,Q01668,1.0,0.92,CACNG8,CACNA1D
9606.ENSP00000270458,9606.ENSP00000438949,CACNG8,CACNB4,9606,0.9,0,0,0,0,0.0,0.9,0.0,900.0,0.9,Q8WXS5,O00305,1.0,0.98,CACNG8,CACNB4
9606.ENSP00000270458,9606.ENSP00000301050,CACNG8,CACNB3,9606,0.9,0,0,0,0,0.0,0.9,0.0,900.0,0.9,Q8WXS5,P54284,1.0,0.88,CACNG8,CACNB3
9606.ENSP00000270458,9606.ENSP00000365441,CACNG8,CACNA1F,9606,0.9,0,0,0,0,0.0,0.9,0.0,900.0,0.9,Q8WXS5,O60840,1.0,0.94,CACNG8,CACNA1F
9606.ENSP00000270458,9606.ENSP00000428994,CACNG8,GRIA1,9606,0.938,0,0,0,0,0.633,0.72,0.444,938.0,0.938,Q8WXS5,P42261,1.0,0.65,CACNG8,GRIA1
9606.ENSP00000280684,9606.ENSP00000487785,KCNA6,KCNA2,9606,0.977,0,0,0,0,0.0,0.0,0.977,977.0,0.977,P17658,P16389,0.93,0.61,KCNA6,KCNA2
9606.ENSP00000281830,9606.ENSP00000345055,KCNE4,KCNQ5,9606,0.75,0,0,0,0,0.0,0.0,0.75,750.0,0.75,Q8WWG9,Q9NR82,0.92,0.91,KCNE4,KCNQ5
9606.ENSP00000288139,9606.ENSP00000377840,CACNA1D,CACNB1,9606,0.709,0,0,0,0,0.379,0.54,0.065,709.0,0.709,Q01668,Q02641,0.92,0.98,CACNA1D,CACNB1
9606.ENSP00000288139,9606.ENSP00000356545,CACNA1D,CACNA1E,9606,0.712,0,0,0,0,0.0,0.54,0.401,712.0,0.712,Q01668,Q15878,0.92,0.97,CACNA1D,CACNA1E
9606.ENSP00000288139,9606.ENSP00000329200,CACNA1D,STAC3,9606,0.72,0,0,0,0,0.0,0.72,0.0,720.0,0.72,Q01668,Q96MF2,0.92,0.92,CACNA1D,STAC3
9606.ENSP00000288139,9606.ENSP00000300105,CACNA1D,CACNG2,9606,0.72,0,0,0,0,0.0,0.72,0.0,720.0,0.72,Q01668,Q9Y698,0.92,0.62,CACNA1D,CACNG2
9606.ENSP00000288139,9606.ENSP00000309052,CACNA1D,CATSPER1,9606,0.731,0,0,0,0,0.08,0.72,0.0,731.0,0.731,Q01668,Q8NEC5,0.92,0.99,CACNA1D,CATSPER1
9606.ENSP00000288139,9606.ENSP00000352608,CACNA1D,RYR1,9606,0.741,0,0,0,0,0.0,0.72,0.115,741.0,0.741,Q01668,P21817,0.92,1.0,CACNA1D,RYR1
9606.ENSP00000288139,9606.ENSP00000334198,CACNA1D,CACNA1H,9606,0.745,0,0,0,0,0.08,0.72,0.091,745.0,0.745,Q01668,O95180,0.92,1.0,CACNA1D,CACNA1H
9606.ENSP00000288139,9606.ENSP00000352011,CACNA1D,CACNA1G,9606,0.752,0,0,0,0,0.08,0.54,0.461,752.0,0.752,Q01668,O43497,0.92,1.0,CACNA1D,CACNA1G
9606.ENSP00000288139,9606.ENSP00000355533,CACNA1D,RYR2,9606,0.845,0,0,0,0,0.322,0.0,0.781,845.0,0.845,Q01668,Q92736,0.92,0.86,CACNA1D,RYR2
9606.ENSP00000288139,9606.ENSP00000438949,CACNA1D,CACNB4,9606,0.922,0,0,0,0,0.252,0.9,0.0,922.0,0.922,Q01668,O00305,0.92,0.98,CACNA1D,CACNB4
9606.ENSP00000288139,9606.ENSP00000320025,CACNA1D,CACNB2,9606,0.926,0,0,0,0,0.461,0.8,0.374,926.0,0.926,Q01668,Q08289,0.92,0.99,CACNA1D,CACNB2
9606.ENSP00000288139,9606.ENSP00000365441,CACNA1D,CACNA1F,9606,0.979,0,0,0,0,0.0,0.9,0.806,979.0,0.979,Q01668,O60840,0.92,0.94,CACNA1D,CACNA1F
9606.ENSP00000288139,9606.ENSP00000301050,CACNA1D,CACNB3,9606,0.991,0,0,0,0,0.922,0.9,0.046,991.0,0.991,Q01668,P54284,0.92,0.88,CACNA1D,CACNB3
9606.ENSP00000293190,9606.ENSP00000428994,GRIN2C,GRIA1,9606,0.72,0,0,0,0,0.0,0.72,0.0,720.0,0.72,Q14957,P42261,0.82,0.65,GRIN2C,GRIA1
9606.ENSP00000293190,9606.ENSP00000300105,GRIN2C,CACNG2,9606,0.72,0,0,0,0,0.0,0.72,0.0,720.0,0.72,Q14957,Q9Y698,0.82,0.62,GRIN2C,CACNG2
9606.ENSP00000293190,9606.ENSP00000481554,GRIN2C,GRIA3,9606,0.72,0,0,0,0,0.0,0.72,0.0,720.0,0.72,Q14957,P42263,0.82,0.56,GRIN2C,GRIA3
9606.ENSP00000293190,9606.ENSP00000477455,GRIN2C,GRIN2B,9606,0.998,0,0,0,0,0.0,0.9,0.982,998.0,0.998,Q14957,Q13224,0.82,0.87,GRIN2C,GRIN2B
9606.ENSP00000300105,9606.ENSP00000477455,CACNG2,GRIN2B,9606,0.72,0,0,0,0,0.0,0.72,0.0,720.0,0.72,Q9Y698,Q13224,0.62,0.87,CACNG2,GRIN2B
9606.ENSP00000300105,9606.ENSP00000320025,CACNG2,CACNB2,9606,0.72,0,0,0,0,0.0,0.72,0.0,720.0,0.72,Q9Y698,Q08289,0.62,0.99,CACNG2,CACNB2
9606.ENSP00000300105,9606.ENSP00000352608,CACNG2,RYR1,9606,0.72,0,0,0,0,0.0,0.72,0.0,720.0,0.72,Q9Y698,P21817,0.62,1.0,CACNG2,RYR1
9606.ENSP00000300105,9606.ENSP00000329200,CACNG2,STAC3,9606,0.72,0,0,0,0,0.0,0.72,0.0,720.0,0.72,Q9Y698,Q96MF2,0.62,0.92,CACNG2,STAC3
9606.ENSP00000300105,9606.ENSP00000365441,CACNG2,CACNA1F,9606,0.721,0,0,0,0,0.0,0.72,0.045,721.0,0.721,Q9Y698,O60840,0.62,0.94,CACNG2,CACNA1F
9606.ENSP00000300105,9606.ENSP00000309052,CACNG2,CATSPER1,9606,0.723,0,0,0,0,0.0,0.72,0.052,723.0,0.723,Q9Y698,Q8NEC5,0.62,0.99,CACNG2,CATSPER1
9606.ENSP00000300105,9606.ENSP00000334198,CACNG2,CACNA1H,9606,0.728,0,0,0,0,0.0,0.72,0.071,728.0,0.728,Q9Y698,O95180,0.62,1.0,CACNG2,CACNA1H
9606.ENSP00000300105,9606.ENSP00000438949,CACNG2,CACNB4,9606,0.8,0,0,0,0,0.0,0.8,0.0,800.0,0.8,Q9Y698,O00305,0.62,0.98,CACNG2,CACNB4
9606.ENSP00000300105,9606.ENSP00000301050,CACNG2,CACNB3,9606,0.8,0,0,0,0,0.0,0.8,0.0,800.0,0.8,Q9Y698,P54284,0.62,0.88,CACNG2,CACNB3
9606.ENSP00000300105,9606.ENSP00000360423,CACNG2,CACNA1B,9606,0.8,0,0,0,0,0.0,0.8,0.0,800.0,0.8,Q9Y698,Q00975,0.62,0.94,CACNG2,CACNA1B
9606.ENSP00000300105,9606.ENSP00000489829,CACNG2,CACNA1A,9606,0.8,0,0,0,0,0.0,0.8,0.0,800.0,0.8,Q9Y698,O00555,0.62,0.98,CACNG2,CACNA1A
9606.ENSP00000300105,9606.ENSP00000481554,CACNG2,GRIA3,9606,0.883,0,0,0,0,0.422,0.72,0.336,883.0,0.883,Q9Y698,P42263,0.62,0.56,CACNG2,GRIA3
9606.ENSP00000300105,9606.ENSP00000428994,CACNG2,GRIA1,9606,0.987,0,0,0,0,0.559,0.72,0.904,987.0,0.987,Q9Y698,P42261,0.62,0.65,CACNG2,GRIA1
9606.ENSP00000301050,9606.ENSP00000329200,CACNB3,STAC3,9606,0.72,0,0,0,0,0.0,0.72,0.0,720.0,0.72,P54284,Q96MF2,0.88,0.92,CACNB3,STAC3
9606.ENSP00000301050,9606.ENSP00000352608,CACNB3,RYR1,9606,0.72,0,0,0,0,0.0,0.72,0.0,720.0,0.72,P54284,P21817,0.88,1.0,CACNB3,RYR1
9606.ENSP00000301050,9606.ENSP00000309052,CACNB3,CATSPER1,9606,0.72,0,0,0,0,0.0,0.72,0.0,720.0,0.72,P54284,Q8NEC5,0.88,0.99,CACNB3,CATSPER1
9606.ENSP00000301050,9606.ENSP00000334198,CACNB3,CACNA1H,9606,0.768,0,0,0,0,0.0,0.72,0.208,768.0,0.768,P54284,O95180,0.88,1.0,CACNB3,CACNA1H
9606.ENSP00000301050,9606.ENSP00000377840,CACNB3,CACNB1,9606,0.872,0,0,0,0,0.671,0.54,0.227,872.0,0.872,P54284,Q02641,0.88,0.98,CACNB3,CACNB1
9606.ENSP00000301050,9606.ENSP00000320025,CACNB3,CACNB2,9606,0.915,0,0,0,0,0.671,0.72,0.152,915.0,0.915,P54284,Q08289,0.88,0.99,CACNB3,CACNB2
9606.ENSP00000301050,9606.ENSP00000365441,CACNB3,CACNA1F,9606,0.922,0,0,0,0,0.252,0.9,0.0,922.0,0.922,P54284,O60840,0.88,0.94,CACNB3,CACNA1F
9606.ENSP00000301050,9606.ENSP00000356545,CACNB3,CACNA1E,9606,0.957,0,0,0,0,0.911,0.54,0.0,957.0,0.957,P54284,Q15878,0.88,0.97,CACNB3,CACNA1E
9606.ENSP00000301050,9606.ENSP00000438949,CACNB3,CACNB4,9606,0.959,0,0,0,0,0.362,0.9,0.411,959.0,0.959,P54284,O00305,0.88,0.98,CACNB3,CACNB4
9606.ENSP00000301050,9606.ENSP00000360423,CACNB3,CACNA1B,9606,0.983,0,0,0,0,0.911,0.8,0.157,983.0,0.983,P54284,Q00975,0.88,0.94,CACNB3,CACNA1B
9606.ENSP00000309052,9606.ENSP00000438949,CATSPER1,CACNB4,9606,0.72,0,0,0,0,0.0,0.72,0.0,720.0,0.72,Q8NEC5,O00305,0.99,0.98,CATSPER1,CACNB4
9606.ENSP00000309052,9606.ENSP00000329200,CATSPER1,STAC3,9606,0.72,0,0,0,0,0.0,0.72,0.0,720.0,0.72,Q8NEC5,Q96MF2,0.99,0.92,CATSPER1,STAC3
9606.ENSP00000309052,9606.ENSP00000320025,CATSPER1,CACNB2,9606,0.72,0,0,0,0,0.0,0.72,0.0,720.0,0.72,Q8NEC5,Q08289,0.99,0.99,CATSPER1,CACNB2
9606.ENSP00000309052,9606.ENSP00000352608,CATSPER1,RYR1,9606,0.72,0,0,0,0,0.0,0.72,0.0,720.0,0.72,Q8NEC5,P21817,0.99,1.0,CATSPER1,RYR1
9606.ENSP00000309052,9606.ENSP00000365441,CATSPER1,CACNA1F,9606,0.731,0,0,0,0,0.08,0.72,0.0,731.0,0.731,Q8NEC5,O60840,0.99,0.94,CATSPER1,CACNA1F
9606.ENSP00000309052,9606.ENSP00000334198,CATSPER1,CACNA1H,9606,0.765,0,0,0,0,0.198,0.72,0.0,765.0,0.765,Q8NEC5,O95180,0.99,1.0,CATSPER1,CACNA1H
9606.ENSP00000319591,9606.ENSP00000333496,KCND3,KCND2,9606,0.924,0,0,0,0,0.0,0.4,0.879,924.0,0.924,Q9UK17,Q9NZV8,0.65,0.76,KCND3,KCND2
9606.ENSP00000320025,9606.ENSP00000334198,CACNB2,CACNA1H,9606,0.72,0,0,0,0,0.0,0.72,0.0,720.0,0.72,Q08289,O95180,0.99,1.0,CACNB2,CACNA1H
9606.ENSP00000320025,9606.ENSP00000352608,CACNB2,RYR1,9606,0.72,0,0,0,0,0.0,0.72,0.0,720.0,0.72,Q08289,P21817,0.99,1.0,CACNB2,RYR1
9606.ENSP00000320025,9606.ENSP00000329200,CACNB2,STAC3,9606,0.72,0,0,0,0,0.0,0.72,0.0,720.0,0.72,Q08289,Q96MF2,0.99,0.92,CACNB2,STAC3
9606.ENSP00000320025,9606.ENSP00000489829,CACNB2,CACNA1A,9606,0.783,0,0,0,0,0.354,0.54,0.33,783.0,0.783,Q08289,O00555,0.99,0.98,CACNB2,CACNA1A
9606.ENSP00000320025,9606.ENSP00000365441,CACNB2,CACNA1F,9606,0.857,0,0,0,0,0.252,0.72,0.374,857.0,0.857,Q08289,O60840,0.99,0.94,CACNB2,CACNA1F
9606.ENSP00000320025,9606.ENSP00000438949,CACNB2,CACNB4,9606,0.871,0,0,0,0,0.0,0.72,0.559,871.0,0.871,Q08289,O00305,0.99,0.98,CACNB2,CACNB4
9606.ENSP00000320025,9606.ENSP00000377840,CACNB2,CACNB1,9606,0.888,0,0,0,0,0.69,0.54,0.281,888.0,0.888,Q08289,Q02641,0.99,0.98,CACNB2,CACNB1
9606.ENSP00000328511,9606.ENSP00000487785,KCNA4,KCNA2,9606,0.969,0,0,0,0,0.292,0.0,0.959,969.0,0.969,P22459,P16389,0.9,0.61,KCNA4,KCNA2
9606.ENSP00000329200,9606.ENSP00000334198,STAC3,CACNA1H,9606,0.72,0,0,0,0,0.0,0.72,0.0,720.0,0.72,Q96MF2,O95180,0.92,1.0,STAC3,CACNA1H
9606.ENSP00000329200,9606.ENSP00000365441,STAC3,CACNA1F,9606,0.72,0,0,0,0,0.0,0.72,0.0,720.0,0.72,Q96MF2,O60840,0.92,0.94,STAC3,CACNA1F
9606.ENSP00000329200,9606.ENSP00000438949,STAC3,CACNB4,9606,0.72,0,0,0,0,0.0,0.72,0.0,720.0,0.72,Q96MF2,O00305,0.92,0.98,STAC3,CACNB4
9606.ENSP00000329200,9606.ENSP00000352608,STAC3,RYR1,9606,0.811,0,0,0,0,0.0,0.72,0.356,811.0,0.811,Q96MF2,P21817,0.92,1.0,STAC3,RYR1
9606.ENSP00000334198,9606.ENSP00000438949,CACNA1H,CACNB4,9606,0.72,0,0,0,0,0.0,0.72,0.0,720.0,0.72,O95180,O00305,1.0,0.98,CACNA1H,CACNB4
9606.ENSP00000334198,9606.ENSP00000352608,CACNA1H,RYR1,9606,0.72,0,0,0,0,0.0,0.72,0.0,720.0,0.72,O95180,P21817,1.0,1.0,CACNA1H,RYR1
9606.ENSP00000334198,9606.ENSP00000365441,CACNA1H,CACNA1F,9606,0.745,0,0,0,0,0.08,0.72,0.091,745.0,0.745,O95180,O60840,1.0,0.94,CACNA1H,CACNA1F
9606.ENSP00000334198,9606.ENSP00000352011,CACNA1H,CACNA1G,9606,0.935,0,0,0,0,0.0,0.9,0.384,935.0,0.935,O95180,O43497,1.0,1.0,CACNA1H,CACNA1G
9606.ENSP00000334198,9606.ENSP00000385019,CACNA1H,CACNA1I,9606,0.975,0,0,0,0,0.0,0.9,0.769,975.0,0.975,O95180,Q9P0X4,1.0,1.0,CACNA1H,CACNA1I
9606.ENSP00000345055,9606.ENSP00000352035,KCNQ5,KCNQ2,9606,0.996,0,0,0,0,0.0,0.9,0.963,996.0,0.996,Q9NR82,O43526,0.91,0.98,KCNQ5,KCNQ2
9606.ENSP00000345055,9606.ENSP00000373648,KCNQ5,KCNQ3,9606,0.998,0,0,0,0,0.292,0.9,0.982,998.0,0.998,Q9NR82,O43525,0.91,0.99,KCNQ5,KCNQ3
9606.ENSP00000352011,9606.ENSP00000356545,CACNA1G,CACNA1E,9606,0.733,0,0,0,0,0.08,0.54,0.421,733.0,0.733,O43497,Q15878,1.0,0.97,CACNA1G,CACNA1E
9606.ENSP00000352011,9606.ENSP00000385019,CACNA1G,CACNA1I,9606,0.957,0,0,0,0,0.0,0.9,0.595,957.0,0.957,O43497,Q9P0X4,1.0,1.0,CACNA1G,CACNA1I
9606.ENSP00000352035,9606.ENSP00000373648,KCNQ2,KCNQ3,9606,0.998,0,0,0,0,0.292,0.9,0.982,998.0,0.998,O43526,O43525,0.98,0.99,KCNQ2,KCNQ3
9606.ENSP00000352608,9606.ENSP00000438949,RYR1,CACNB4,9606,0.72,0,0,0,0,0.0,0.72,0.0,720.0,0.72,P21817,O00305,1.0,0.98,RYR1,CACNB4
9606.ENSP00000352608,9606.ENSP00000365441,RYR1,CACNA1F,9606,0.722,0,0,0,0,0.0,0.72,0.049,722.0,0.722,P21817,O60840,1.0,0.94,RYR1,CACNA1F
9606.ENSP00000352608,9606.ENSP00000489262,RYR1,RYR3,9606,0.931,0,0,0,0,0.345,0.9,0.0,931.0,0.931,P21817,Q15413,1.0,0.82,RYR1,RYR3
9606.ENSP00000352608,9606.ENSP00000355533,RYR1,RYR2,9606,0.959,0,0,0,0,0.577,0.9,0.112,959.0,0.959,P21817,Q92736,1.0,0.86,RYR1,RYR2
9606.ENSP00000353292,9606.ENSP00000368411,SCNN1A,SCNN1D,9606,0.871,0,0,0,0,0.292,0.72,0.406,871.0,0.871,P37088,P51172,0.69,0.75,SCNN1A,SCNN1D
9606.ENSP00000355533,9606.ENSP00000489262,RYR2,RYR3,9606,0.995,0,0,0,0,0.852,0.9,0.689,995.0,0.995,Q92736,Q15413,0.86,0.82,RYR2,RYR3
9606.ENSP00000356545,9606.ENSP00000489829,CACNA1E,CACNA1A,9606,0.936,0,0,0,0,0.0,0.9,0.39,936.0,0.936,Q15878,O00555,0.97,0.98,CACNA1E,CACNA1A
9606.ENSP00000356545,9606.ENSP00000360423,CACNA1E,CACNA1B,9606,0.945,0,0,0,0,0.0,0.9,0.48,945.0,0.945,Q15878,Q00975,0.97,0.94,CACNA1E,CACNA1B
9606.ENSP00000360423,9606.ENSP00000489829,CACNA1B,CACNA1A,9606,0.912,0,0,0,0,0.0,0.9,0.162,912.0,0.912,Q00975,O00555,0.94,0.98,CACNA1B,CACNA1A
9606.ENSP00000360423,9606.ENSP00000377840,CACNA1B,CACNB1,9606,0.957,0,0,0,0,0.911,0.54,0.0,957.0,0.957,Q00975,Q02641,0.94,0.98,CACNA1B,CACNB1
9606.ENSP00000360806,9606.ENSP00000487785,KCNB1,KCNA2,9606,0.886,0,0,0,0,0.0,0.0,0.886,886.0,0.886,Q14721,P16389,0.96,0.61,KCNB1,KCNA2
9606.ENSP00000363023,9606.ENSP00000489774,DLGAP4,DLGAP2,9606,0.727,0,0,0,0,0.61,0.0,0.33,727.0,0.727,Q9Y2H0,Q9P1A6,1.0,0.99,DLGAP4,DLGAP2
9606.ENSP00000365441,9606.ENSP00000438949,CACNA1F,CACNB4,9606,0.922,0,0,0,0,0.252,0.9,0.0,922.0,0.922,O60840,O00305,0.94,0.98,CACNA1F,CACNB4
9606.ENSP00000428994,9606.ENSP00000477455,GRIA1,GRIN2B,9606,0.872,0,0,0,0,0.0,0.72,0.563,872.0,0.872,P42261,Q13224,0.65,0.87,GRIA1,GRIN2B
9606.ENSP00000428994,9606.ENSP00000481554,GRIA1,GRIA3,9606,0.999,0,0,0,0,0.532,0.9,0.982,999.0,0.999,P42261,P42263,0.65,0.56,GRIA1,GRIA3
9606.ENSP00000438949,9606.ENSP00000489829,CACNB4,CACNA1A,9606,0.899,0,0,0,0,0.519,0.8,0.0,899.0,0.899,O00305,O00555,0.98,0.98,CACNB4,CACNA1A
9606.ENSP00000477455,9606.ENSP00000481554,GRIN2B,GRIA3,9606,0.72,0,0,0,0,0.0,0.72,0.0,720.0,0.72,Q13224,P42263,0.87,0.56,GRIN2B,GRIA3
9606.ENSP00000185206,9606.ENSP00000358460,CLIC5,CLIC2,9606,0.711,0,0,0,0,0.711,0.0,0.0,711.0,0.711,Q9NZA1,O15247,0.49,0.31,CLIC5,CLIC2
9606.ENSP00000225328,9606.ENSP00000360608,P2RX5,GRIN1,9606,0.9,0,0,0,0,0.0,0.9,0.0,900.0,0.9,Q93086,Q05586,0.25,0.26,P2RX5,GRIN1
9606.ENSP00000225328,9606.ENSP00000332549,P2RX5,GRIN2A,9606,0.9,0,0,0,0,0.0,0.9,0.0,900.0,0.9,Q93086,Q12879,0.25,0.5,P2RX5,GRIN2A
9606.ENSP00000225328,9606.ENSP00000416193,P2RX5,P2RX6,9606,0.967,0,0,0,0,0.0,0.9,0.689,967.0,0.967,Q93086,O15547,0.25,0.39,P2RX5,P2RX6
9606.ENSP00000251287,9606.ENSP00000357342,HCN2,HCN3,9606,0.902,0,0,0,0,0.0,0.9,0.061,902.0,0.902,Q9UL51,Q9P1Z3,0.45,0.46,HCN2,HCN3
9606.ENSP00000254976,9606.ENSP00000418572,SNAP25,VAMP2,9606,0.999,0,0,0,0,0.974,0.9,0.987,999.0,0.999,P60880,P63027,0.25,0.4,SNAP25,VAMP2
9606.ENSP00000259455,9606.ENSP00000366233,GABBR2,GABBR1,9606,0.999,0,0,0,0,0.967,0.9,0.982,999.0,0.999,O75899,Q9UBS5,0.38,0.32,GABBR2,GABBR1
9606.ENSP00000264773,9606.ENSP00000382770,KCNN2,KCNU1,9606,0.9,0,0,0,0,0.0,0.9,0.0,900.0,0.9,Q9H2S1,A8MYU2,0.52,0.26,KCNN2,KCNU1
9606.ENSP00000264773,9606.ENSP00000286628,KCNN2,KCNMA1,9606,0.9,0,0,0,0,0.0,0.9,0.0,900.0,0.9,Q9H2S1,Q12791,0.52,0.47,KCNN2,KCNMA1
9606.ENSP00000264773,9606.ENSP00000476519,KCNN2,KCNN1,9606,0.901,0,0,0,0,0.0,0.9,0.056,901.0,0.901,Q9H2S1,Q92952,0.52,0.26,KCNN2,KCNN1
9606.ENSP00000265969,9606.ENSP00000295225,KCNC1,KCNIP3,9606,0.848,0,0,0,0,0.0,0.0,0.848,848.0,0.848,P48547,Q9Y2W7,0.37,0.54,KCNC1,KCNIP3
9606.ENSP00000272602,9606.ENSP00000316605,CNGA3,CNGB3,9606,0.998,0,0,0,0,0.936,0.54,0.964,998.0,0.998,Q16281,Q9NQW8,0.25,0.48,CNGA3,CNGB3
9606.ENSP00000282499,9606.ENSP00000360608,GRIA4,GRIN1,9606,0.742,0,0,0,0,0.0,0.72,0.117,742.0,0.742,P48058,Q05586,0.38,0.26,GRIA4,GRIN1
9606.ENSP00000282499,9606.ENSP00000355155,GRIA4,GRIN3A,9606,0.756,0,0,0,0,0.0,0.72,0.166,756.0,0.756,P48058,Q8TCU5,0.38,0.31,GRIA4,GRIN3A
9606.ENSP00000282499,9606.ENSP00000332549,GRIA4,GRIN2A,9606,0.771,0,0,0,0,0.0,0.72,0.218,771.0,0.771,P48058,Q12879,0.38,0.5,GRIA4,GRIN2A
9606.ENSP00000282499,9606.ENSP00000296526,GRIA4,GRIA2,9606,0.997,0,0,0,0,0.494,0.72,0.982,997.0,0.997,P48058,P42262,0.38,0.34,GRIA4,GRIA2
9606.ENSP00000286628,9606.ENSP00000476519,KCNMA1,KCNN1,9606,0.9,0,0,0,0,0.0,0.9,0.0,900.0,0.9,Q12791,Q92952,0.47,0.26,KCNMA1,KCNN1
9606.ENSP00000286628,9606.ENSP00000382770,KCNMA1,KCNU1,9606,0.9,0,0,0,0,0.0,0.9,0.0,900.0,0.9,Q12791,A8MYU2,0.47,0.26,KCNMA1,KCNU1
9606.ENSP00000296526,9606.ENSP00000355155,GRIA2,GRIN3A,9606,0.72,0,0,0,0,0.0,0.72,0.0,720.0,0.72,P42262,Q8TCU5,0.34,0.31,GRIA2,GRIN3A
9606.ENSP00000296526,9606.ENSP00000360608,GRIA2,GRIN1,9606,0.742,0,0,0,0,0.0,0.72,0.117,742.0,0.742,P42262,Q05586,0.34,0.26,GRIA2,GRIN1
9606.ENSP00000296526,9606.ENSP00000332549,GRIA2,GRIN2A,9606,0.88,0,0,0,0,0.0,0.72,0.592,880.0,0.88,P42262,Q12879,0.34,0.5,GRIA2,GRIN2A
9606.ENSP00000300061,9606.ENSP00000396320,SCNN1G,SCN4A,9606,0.9,0,0,0,0,0.0,0.9,0.0,900.0,0.9,P51170,P35499,0.24,0.48,SCNN1G,SCN4A
9606.ENSP00000300061,9606.ENSP00000322460,SCNN1G,SCN4B,9606,0.9,0,0,0,0,0.0,0.9,0.0,900.0,0.9,P51170,Q8IWT1,0.24,0.27,SCNN1G,SCN4B
9606.ENSP00000300061,9606.ENSP00000345751,SCNN1G,SCNN1B,9606,0.999,0,0,0,0,0.919,0.9,0.947,999.0,0.999,P51170,P51168,0.24,0.27,SCNN1G,SCNN1B
9606.ENSP00000306497,9606.ENSP00000375756,KCNJ4,KCNJ14,9606,0.9,0,0,0,0,0.0,0.9,0.0,900.0,0.9,P48050,Q9UNX9,0.45,0.27,KCNJ4,KCNJ14
9606.ENSP00000306497,9606.ENSP00000457807,KCNJ4,KCNJ18,9606,0.9,0,0,0,0,0.0,0.9,0.0,900.0,0.9,P48050,B7U540,0.45,0.26,KCNJ4,KCNJ18
9606.ENSP00000306497,9606.ENSP00000463778,KCNJ4,KCNJ12,9606,0.974,0,0,0,0,0.0,0.9,0.754,974.0,0.974,P48050,Q14500,0.45,0.32,KCNJ4,KCNJ12
9606.ENSP00000316605,9606.ENSP00000384264,CNGB3,CNGA1,9606,0.736,0,0,0,0,0.172,0.54,0.364,736.0,0.736,Q9NQW8,P29973,0.48,0.3,CNGB3,CNGA1
9606.ENSP00000322460,9606.ENSP00000345751,SCN4B,SCNN1B,9606,0.9,0,0,0,0,0.0,0.9,0.0,900.0,0.9,Q8IWT1,P51168,0.27,0.27,SCN4B,SCNN1B
9606.ENSP00000322460,9606.ENSP00000396320,SCN4B,SCN4A,9606,0.9,0,0,0,0,0.0,0.9,0.0,900.0,0.9,Q8IWT1,P35499,0.27,0.48,SCN4B,SCN4A
9606.ENSP00000322617,9606.ENSP00000371929,HTR3C,HTR3D,9606,0.994,0,0,0,0,0.0,0.9,0.952,994.0,0.994,Q8WXA8,Q70Z44,0.28,0.28,HTR3C,HTR3D
9606.ENSP00000325296,9606.ENSP00000480090,PKD2L1,PKD1L3,9606,0.999,0,0,0,0,0.602,0.9,0.98,999.0,0.999,Q9P0L9,Q7Z443,0.48,0.24,PKD2L1,PKD1L3
9606.ENSP00000327687,9606.ENSP00000397026,GRIK1,GRIK2,9606,0.997,0,0,0,0,0.0,0.9,0.98,997.0,0.997,P39086,Q13002,0.33,0.27,GRIK1,GRIK2
9606.ENSP00000329926,9606.ENSP00000358798,CALHM1,CALHM3,9606,0.936,0,0,0,0,0.0,0.9,0.393,936.0,0.936,Q8IU99,Q86XJ0,0.39,0.3,CALHM1,CALHM3
9606.ENSP00000332549,9606.ENSP00000416193,GRIN2A,P2RX6,9606,0.9,0,0,0,0,0.0,0.9,0.0,900.0,0.9,Q12879,O15547,0.5,0.39,GRIN2A,P2RX6
9606.ENSP00000332549,9606.ENSP00000355155,GRIN2A,GRIN3A,9606,0.998,0,0,0,0,0.292,0.9,0.982,998.0,0.998,Q12879,Q8TCU5,0.5,0.31,GRIN2A,GRIN3A
9606.ENSP00000332549,9606.ENSP00000360608,GRIN2A,GRIN1,9606,0.999,0,0,0,0,0.978,0.9,0.984,999.0,0.999,Q12879,Q05586,0.5,0.26,GRIN2A,GRIN1
9606.ENSP00000345751,9606.ENSP00000396320,SCNN1B,SCN4A,9606,0.9,0,0,0,0,0.0,0.9,0.0,900.0,0.9,P51168,P35499,0.27,0.48,SCNN1B,SCN4A
9606.ENSP00000355155,9606.ENSP00000360608,GRIN3A,GRIN1,9606,0.999,0,0,0,0,0.638,0.9,0.986,999.0,0.999,Q8TCU5,Q05586,0.31,0.26,GRIN3A,GRIN1
9606.ENSP00000355192,9606.ENSP00000371180,CACNA1S,CATSPER2,9606,0.72,0,0,0,0,0.0,0.72,0.0,720.0,0.72,Q13698,Q96P56,0.52,0.3,CACNA1S,CATSPER2
9606.ENSP00000355192,9606.ENSP00000390423,CACNA1S,CATSPER4,9606,0.745,0,0,0,0,0.08,0.72,0.091,745.0,0.745,Q13698,Q7RTX7,0.52,0.25,CACNA1S,CATSPER4
9606.ENSP00000355192,9606.ENSP00000372169,CACNA1S,CACNA2D4,9606,0.917,0,0,0,0,0.131,0.9,0.13,917.0,0.917,Q13698,Q7Z3S7,0.52,0.28,CACNA1S,CACNA2D4
9606.ENSP00000360608,9606.ENSP00000416193,GRIN1,P2RX6,9606,0.9,0,0,0,0,0.0,0.9,0.0,900.0,0.9,Q05586,O15547,0.26,0.39,GRIN1,P2RX6
9606.ENSP00000371180,9606.ENSP00000372169,CATSPER2,CACNA2D4,9606,0.759,0,0,0,0,0.129,0.72,0.092,759.0,0.759,Q96P56,Q7Z3S7,0.3,0.28,CATSPER2,CACNA2D4
9606.ENSP00000371180,9606.ENSP00000390423,CATSPER2,CATSPER4,9606,0.902,0,0,0,0,0.345,0.72,0.512,902.0,0.902,Q96P56,Q7RTX7,0.3,0.25,CATSPER2,CATSPER4
9606.ENSP00000371985,9606.ENSP00000419952,KCNA1,KCNAB1,9606,0.945,0,0,0,0,0.163,0.5,0.88,945.0,0.945,Q09470,Q14722,0.42,0.46,KCNA1,KCNAB1
9606.ENSP00000372169,9606.ENSP00000390423,CACNA2D4,CATSPER4,9606,0.734,0,0,0,0,0.0,0.72,0.091,734.0,0.734,Q7Z3S7,Q7RTX7,0.28,0.25,CACNA2D4,CATSPER4
9606.ENSP00000375756,9606.ENSP00000457807,KCNJ14,KCNJ18,9606,0.9,0,0,0,0,0.0,0.9,0.0,900.0,0.9,Q9UNX9,B7U540,0.27,0.26,KCNJ14,KCNJ18
9606.ENSP00000375756,9606.ENSP00000463778,KCNJ14,KCNJ12,9606,0.9,0,0,0,0,0.0,0.9,0.0,900.0,0.9,Q9UNX9,Q14500,0.27,0.32,KCNJ14,KCNJ12
9606.ENSP00000382770,9606.ENSP00000476519,KCNU1,KCNN1,9606,0.9,0,0,0,0,0.0,0.9,0.0,900.0,0.9,A8MYU2,Q92952,0.26,0.26,KCNU1,KCNN1
9606.ENSP00000457807,9606.ENSP00000463778,KCNJ18,KCNJ12,9606,0.9,0,0,0,0,0.0,0.9,0.0,900.0,0.9,B7U540,Q14500,0.26,0.32,KCNJ18,KCNJ12
9606.ENSP00000225823,9606.ENSP00000286713,ASIC2,STOM,9606,0.719,0,0,0,0,0.292,0.5,0.27,719.0,0.719,Q16515,P27105,0.16,0.21,ASIC2,STOM
9606.ENSP00000226021,9606.ENSP00000252729,CACNG1,CACNG6,9606,0.72,0,0,0,0,0.0,0.72,0.0,720.0,0.72,Q06432,Q9BXT2,0.14,0.22,CACNG1,CACNG6
9606.ENSP00000226021,9606.ENSP00000375647,CACNG1,CACNG7,9606,0.769,0,0,0,0,0.0,0.72,0.212,769.0,0.769,Q06432,P62955,0.14,0.14,CACNG1,CACNG7
9606.ENSP00000226021,9606.ENSP00000282611,CACNG1,CATSPER3,9606,0.769,0,0,0,0,0.204,0.72,0.047,769.0,0.769,Q06432,Q86XQ3,0.14,0.14,CACNG1,CATSPER3
9606.ENSP00000226021,9606.ENSP00000418081,CACNG1,CACNA2D2,9606,0.825,0,0,0,0,0.411,0.54,0.408,825.0,0.825,Q06432,Q9NY47,0.14,0.22,CACNG1,CACNA2D2
9606.ENSP00000226021,9606.ENSP00000349320,CACNG1,CACNA2D1,9606,0.885,0,0,0,0,0.606,0.72,0.046,885.0,0.885,Q06432,P54289,0.14,0.18,CACNG1,CACNA2D1
9606.ENSP00000233826,9606.ENSP00000496939,KCNJ13,KCNN4,9606,0.9,0,0,0,0,0.0,0.9,0.0,900.0,0.9,O60928,O15554,0.14,0.15,KCNJ13,KCNN4
9606.ENSP00000252729,9606.ENSP00000282611,CACNG6,CATSPER3,9606,0.72,0,0,0,0,0.0,0.72,0.0,720.0,0.72,Q9BXT2,Q86XQ3,0.22,0.14,CACNG6,CATSPER3
9606.ENSP00000252729,9606.ENSP00000375647,CACNG6,CACNG7,9606,0.9,0,0,0,0,0.0,0.9,0.0,900.0,0.9,Q9BXT2,P62955,0.22,0.14,CACNG6,CACNG7
9606.ENSP00000252729,9606.ENSP00000349320,CACNG6,CACNA2D1,9606,0.9,0,0,0,0,0.0,0.9,0.0,900.0,0.9,Q9BXT2,P54289,0.22,0.18,CACNG6,CACNA2D1
9606.ENSP00000260191,9606.ENSP00000406050,HTR3B,HTR3E,9606,0.752,0,0,0,0,0.0,0.54,0.485,752.0,0.752,O95264,A5X5Y0,0.16,0.21,HTR3B,HTR3E
9606.ENSP00000260191,9606.ENSP00000347754,HTR3B,HTR3A,9606,0.998,0,0,0,0,0.606,0.9,0.976,998.0,0.998,O95264,P46098,0.16,0.19,HTR3B,HTR3A
9606.ENSP00000261200,9606.ENSP00000494321,ABCC9,ABCC8,9606,0.889,0,0,0,0,0.378,0.72,0.414,889.0,0.889,O60706,Q09428,0.17,0.17,ABCC9,ABCC8
9606.ENSP00000261200,9606.ENSP00000499300,ABCC9,KCNJ8,9606,0.992,0,0,0,0,0.422,0.7,0.958,992.0,0.992,O60706,Q15842,0.17,0.19,ABCC9,KCNJ8
9606.ENSP00000261200,9606.ENSP00000345708,ABCC9,KCNJ11,9606,0.994,0,0,0,0,0.585,0.9,0.887,994.0,0.994,O60706,Q14654,0.17,0.19,ABCC9,KCNJ11
9606.ENSP00000263314,9606.ENSP00000330696,P2RX3,P2RX7,9606,0.976,0,0,0,0,0.0,0.9,0.776,976.0,0.976,P56373,Q99572,0.14,0.13,P2RX3,P2RX7
9606.ENSP00000263314,9606.ENSP00000353032,P2RX3,P2RX4,9606,0.99,0,0,0,0,0.0,0.9,0.908,990.0,0.99,P56373,Q99571,0.14,0.17,P2RX3,P2RX4
9606.ENSP00000264428,9606.ENSP00000274093,GLRB,GLRA3,9606,0.932,0,0,0,0,0.349,0.9,0.0,932.0,0.932,P48167,O75311,0.18,0.19,GLRB,GLRA3
9606.ENSP00000265310,9606.ENSP00000352358,TRPV5,TRPV6,9606,0.705,0,0,0,0,0.0,0.0,0.705,705.0,0.705,Q9NQA5,Q9H1D0,0.16,0.22,TRPV5,TRPV6
9606.ENSP00000282146,9606.ENSP00000327611,KCNK13,KCNK12,9606,0.848,0,0,0,0,0.0,0.5,0.709,848.0,0.848,Q9HB14,Q9HB15,0.16,0.24,KCNK13,KCNK12
9606.ENSP00000282611,9606.ENSP00000375647,CATSPER3,CACNG7,9606,0.72,0,0,0,0,0.0,0.72,0.0,720.0,0.72,Q86XQ3,P62955,0.14,0.14,CATSPER3,CACNG7
9606.ENSP00000282611,9606.ENSP00000349320,CATSPER3,CACNA2D1,9606,0.745,0,0,0,0,0.086,0.72,0.085,745.0,0.745,Q86XQ3,P54289,0.14,0.18,CATSPER3,CACNA2D1
9606.ENSP00000295454,9606.ENSP00000410732,GABRB1,GABRG2,9606,0.733,0,0,0,0,0.183,0.54,0.347,733.0,0.733,P18505,P18507,0.16,0.16,GABRB1,GABRG2
9606.ENSP00000295454,9606.ENSP00000427603,GABRB1,GABRA2,9606,0.813,0,0,0,0,0.08,0.72,0.334,813.0,0.813,P18505,P47869,0.16,0.17,GABRB1,GABRA2
9606.ENSP00000295454,9606.ENSP00000308725,GABRB1,GABRB3,9606,0.942,0,0,0,0,0.0,0.9,0.453,942.0,0.942,P18505,P28472,0.16,0.22,GABRB1,GABRB3
9606.ENSP00000295454,9606.ENSP00000393097,GABRB1,GABRA1,9606,0.946,0,0,0,0,0.183,0.9,0.396,946.0,0.946,P18505,P14867,0.16,0.2,GABRB1,GABRA1
9606.ENSP00000298351,9606.ENSP00000477437,TMEM63C,KCNJ6,9606,0.771,0,0,0,0,0.0,0.0,0.771,771.0,0.771,Q9P1W3,P48051,0.19,0.15,TMEM63C,KCNJ6
9606.ENSP00000308725,9606.ENSP00000427603,GABRB3,GABRA2,9606,0.748,0,0,0,0,0.08,0.72,0.102,748.0,0.748,P28472,P47869,0.22,0.17,GABRB3,GABRA2
9606.ENSP00000308725,9606.ENSP00000393097,GABRB3,GABRA1,9606,0.982,0,0,0,0,0.776,0.9,0.263,982.0,0.982,P28472,P14867,0.22,0.2,GABRB3,GABRA1
9606.ENSP00000308725,9606.ENSP00000410732,GABRB3,GABRG2,9606,0.983,0,0,0,0,0.936,0.54,0.465,983.0,0.983,P28472,P18507,0.22,0.16,GABRB3,GABRG2
9606.ENSP00000330696,9606.ENSP00000353032,P2RX7,P2RX4,9606,0.993,0,0,0,0,0.0,0.9,0.941,993.0,0.993,Q99572,Q99571,0.13,0.17,P2RX7,P2RX4
9606.ENSP00000345708,9606.ENSP00000499300,KCNJ11,KCNJ8,9606,0.991,0,0,0,0,0.292,0.36,0.982,991.0,0.991,Q14654,Q15842,0.19,0.19,KCNJ11,KCNJ8
9606.ENSP00000345708,9606.ENSP00000494321,KCNJ11,ABCC8,9606,0.999,0,0,0,0,0.919,0.72,0.982,999.0,0.999,Q14654,Q09428,0.19,0.17,KCNJ11,ABCC8
9606.ENSP00000347754,9606.ENSP00000375647,HTR3A,CACNG7,9606,0.72,0,0,0,0,0.0,0.72,0.0,720.0,0.72,P46098,P62955,0.19,0.14,HTR3A,CACNG7
9606.ENSP00000347754,9606.ENSP00000406050,HTR3A,HTR3E,9606,0.974,0,0,0,0,0.329,0.9,0.645,974.0,0.974,P46098,A5X5Y0,0.19,0.21,HTR3A,HTR3E
9606.ENSP00000349320,9606.ENSP00000418081,CACNA2D1,CACNA2D2,9606,0.72,0,0,0,0,0.0,0.54,0.418,720.0,0.72,P54289,Q9NY47,0.18,0.22,CACNA2D1,CACNA2D2
9606.ENSP00000349320,9606.ENSP00000419101,CACNA2D1,CACNA2D3,9606,0.732,0,0,0,0,0.0,0.54,0.442,732.0,0.732,P54289,Q8IZS8,0.18,0.14,CACNA2D1,CACNA2D3
9606.ENSP00000349320,9606.ENSP00000375647,CACNA2D1,CACNG7,9606,0.9,0,0,0,0,0.0,0.9,0.049,900.0,0.9,P54289,P62955,0.18,0.14,CACNA2D1,CACNG7
9606.ENSP00000357067,9606.ENSP00000433295,KCNJ9,KCNJ5,9606,0.913,0,0,0,0,0.0,0.4,0.862,913.0,0.913,Q92806,P48544,0.2,0.21,KCNJ9,KCNJ5
9606.ENSP00000357067,9606.ENSP00000477437,KCNJ9,KCNJ6,9606,0.993,0,0,0,0,0.457,0.4,0.982,993.0,0.993,Q92806,P48051,0.2,0.15,KCNJ9,KCNJ6
9606.ENSP00000362328,9606.ENSP00000391498,KCNK17,KCNK16,9606,0.7,0,0,0,0,0.0,0.7,0.0,700.0,0.7,Q96T54,Q96T55,0.22,0.21,KCNK17,KCNK16
9606.ENSP00000381911,9606.ENSP00000465295,KCNJ15,KCNJ16,9606,0.9,0,0,0,0,0.0,0.9,0.0,900.0,0.9,Q99712,Q9NPI9,0.21,0.2,KCNJ15,KCNJ16
9606.ENSP00000393097,9606.ENSP00000427603,GABRA1,GABRA2,9606,0.776,0,0,0,0,0.0,0.72,0.236,776.0,0.776,P14867,P47869,0.2,0.17,GABRA1,GABRA2
9606.ENSP00000393097,9606.ENSP00000410732,GABRA1,GABRG2,9606,0.993,0,0,0,0,0.974,0.54,0.441,993.0,0.993,P14867,P18507,0.2,0.16,GABRA1,GABRG2
9606.ENSP00000414886,9606.ENSP00000420040,KCNIP1,KCNIP2,9606,0.859,0,0,0,0,0.679,0.4,0.331,859.0,0.859,Q9NZI2,Q9NS61,0.15,0.23,KCNIP1,KCNIP2
9606.ENSP00000433295,9606.ENSP00000477437,KCNJ5,KCNJ6,9606,0.92,0,0,0,0,0.0,0.4,0.873,920.0,0.92,P48544,P48051,0.21,0.15,KCNJ5,KCNJ6
9606.ENSP00000465295,9606.ENSP00000495557,KCNJ16,KCNJ10,9606,0.998,0,0,0,0,0.292,0.9,0.98,998.0,0.998,Q9NPI9,P78508,0.2,0.14,KCNJ16,KCNJ10
9606.ENSP00000494321,9606.ENSP00000499300,ABCC8,KCNJ8,9606,0.996,0,0,0,0,0.366,0.7,0.982,996.0,0.996,Q09428,Q15842,0.17,0.19,ABCC8,KCNJ8
9606.ENSP00000359621,9606.ENSP00000359640,MCOLN3,MCOLN2,9606,0.981,0,0,0,0,0.414,0.9,0.703,981.0,0.981,Q8TDD5,Q8IZK6,0.11,0.12,MCOLN3,MCOLN2
